fecha ;cantidad;precio unitario ;categoria ;modelo;precio total  ;
6/01/2024;2;59;faros posterior;nissan ad;118;
6/01/2024;1;7.63;focos;nissan ad;7.63;
7/01/2024;1;186;parachoque delantero;yaris 2014;186;
7/01/2024;1;118;kit de neblinero;yaris 2014;118;
7/01/2024;1;38.14;brackets;yaris 2014;38.14;
8/01/2024;1;182;faros delanteros ;nissan sentra ;182;
8/01/2024;2;29;soporte preparado;nissan ad ;58;
11/01/2024;2;55;faro posterior ;hyundai porter ;110;
11/01/2024;2;50.85;faro led ;hyundai porter ;101.7;
11/01/2024;8;6.36;faro led alteral ;hyundai porter ;50.88;
11/01/2024;1;118;faro cuadrdos led ;hyundai porter ;118;
12/01/2024;1;169;mascara delantera ;hyundai 2010;169;
12/01/2024;2;118;faro delantero ;nissan frontier ;236;
12/01/2024;1;161;parachoque delantero;nissan frontier ;161;
12/01/2024;1;93.22;mascara delantera ;nissan frontier ;93.22;
12/01/2024;2;63.56;faros posteriores;nissan frontier ;127.12;
12/01/2024;2;50.83;mandiles ;nissan frontier ;101.66;
12/01/2024;1;55.03;mandiles ;nissan frontier ;55.03;
12/01/2024;1;42.37;foco narva;nissan frontier ;42.37;
12/01/2024;1;33.05;foscos led posterior ;nissan frontier ;33.05;
15/01/2024;2;38.14;soporte seg£n la muestra ;no detalla ;76.28;
15/01/2024;4;29.66;soportes peque¤os ;no detalla ;118.64;
15/01/2024;1;16.95;tapa de gasolina ;no detalla ;16.95;
18/01/2024;1;254.24;capot;toyota corolla;254.24;
18/01/2024;2;84.75;faros delanteros ;toyota corolla;169.5;
18/01/2024;2;29.66;direcionales;toyota corolla;59.32;
18/01/2024;2;23.31;direccional de parachoque;toyota corolla;46.62;
18/01/2024;1;21.19;mascara delantera ;toyota corolla;21.19;
18/01/2024;1;203.39;faro delantero;toyota hilux;203.39;
18/01/2024;2;59.32;faros posterior;toyota hilux;118.64;
18/01/2024;1;127.12;parachouqe delantero;toyota hilux  ;127.12;
18/01/2024;1;127.12;mascara delantera ;toyota hilux;127.12;
18/01/2024;2;105.93;espejos;toyota hilux  ;211.86;
18/01/2024;1;237;parachoque posterior ;toyota hilux  ;237;
18/01/2024;3;29.66;mandil de guardafango ;toyota hilux  ;88.98;
19/01/2024;1;169.49;faro posterior ;nissan revo ;169.49;
24/01/2024;4;16.95;faro lateral de ;no detalla ;67.8;
26/01/2024;2;14.84;faros posterior;nissan ad ;29.68;
26/01/2024;1;18.64;vicel de faro;nissan ad;18.64;
26/01/2024;1;9.32;plumilla ;nissan ad ;9.32;
26/01/2024;2;25.42;brackets;kia rio ;50.84;
28/01/2024;1;42.37;claxon de aire ;no detalla ;42.37;
2/02/2024;1;169;parachoque delantero;honda ;169;
2/02/2024;1;152;parachoque posterior ;honda ;152;
2/02/2024;1;50;faro posterior ;toyota hilux  ;50;
2/02/2024;1;80.51;faro posterior ;chevrolet n300;80.51;
2/02/2024;1;15.28;faro lateral ;chevrolet n300;15.28;
2/02/2024;1;203.39;parachoque delantero ;kia picanto ;203.39;
2/02/2024;2;50.85;mandil de guardafango ;kia picanto ;101.7;
2/02/2024;2;46.61;bocina de colla ;toyota corolla ;93.22;
5/02/2024;1;76.26;accesorios ;no detalla ;76.26;
6/02/2024;1;228.81;faro posterior original derecho ;nissan revo ;228.81;
6/02/2024;1;228.81;faro posterior original izquierdo ;nissan revo ;228.81;
7/02/2024;1;101.69;faros posterior;toyota hilux  ;101.69;
7/02/2024;1;118.64;kit de neblineros;toyota hilux;118.64;
7/02/2024;1;80.5;mandil de llanta ;toyota hilux;80.5;
7/02/2024;1;50.85;direccional de parachoque;toyota corolla;50.85;
8/02/2024;1;67.8;parachoque delantero;nissan sentra ;67.8;
8/02/2024;1;50.85;faro posterior ;nissan sentra ;50.85;
15/02/2024;1;110;soporte vulcanizado ;no detalla ;110;
15/02/2024;1;93.22;parachoque ;hyundai accent;93.22;
15/02/2024;1;110.17;portafiltro;hyundai accent;110.17;
15/02/2024;10;7.2;h4;foco;72;
15/02/2024;10;0.68;2c;foco;6.8;
15/02/2024;10;0.68;lagrima;foco;6.8;
15/02/2024;10;1.27;1c ambar;foco;12.7;
15/02/2024;1;93.22;parachoque delantero ;hyundai accent;93.22;
15/02/2024;1;118.64;parachoque posterior ;hyundai accent;118.64;
15/02/2024;1;29.66;mandil;hyundai accent;29.66;
15/02/2024;1;25.42;faro post;toyota corolla ;25.42;
20/02/2024;1;8.47;lagrima narva ;foco ;8.47;
23/02/2024;1;466.1;faro delantero;combi 5l;466.1;
27/02/2024;1;67.8;parachoque delantero;nissan v16;67.8;
27/02/2024;2;46.61;faros posteriore ;nissan v16;93.22;
27/02/2024;1;42.37;mascara delantera ;nissan v16;42.37;
27/02/2024;1;38;direcionales ;nissan v16;38;
27/02/2024;1;169;parachoque delantero;kia soluto ;169;
27/02/2024;1;269.71;faro posterior ;toyota avanza ;269.71;
28/02/2024;2;127;faros delanteros ;hyundai sonata ;254;
28/02/2024;2;29.66;mandiles ;kia rio 2016;59.32;
28/02/2024;2;118.64;faros delanteros ;nissan v16;237.28;
28/02/2024;1;347.46;capot;nissan frontier ;347.46;
28/02/2024;1;211;radiador;nissan frontier ;211;
28/02/2024;2;93.22;faro delantero ;nissan frontier ;186.44;
28/02/2024;1;84.75;mascara delantera ;nissan frontier ;84.75;
28/02/2024;1;135.59;parachoque delantero;nissan frontier ;135.59;
28/02/2024;1;462.61;accesorios ;toyota corolla ;462.61;
5/03/2024;1;697.97;faro delantero ;suzuki ertiga;697.97;
5/03/2024;1;59.32;braket;suzuki ertiga;59.32;
6/03/2024;1;118.64;h4 led;foco;118.64;
7/03/2024;2;59.32;faro delantero;nissan v16;118.64;
7/03/2024;2;67.8;parachoques;nissan v16;135.6;
7/03/2024;1;237.27;capot;nissan v16 ;237.27;
7/03/2024;1;38.14;direccional ;nissan v16;38.14;
7/03/2024;1;46.61;faro posterior;nissan v16 ;46.61;
8/03/2024;2;101.69;mandil de guardafango ;hyundai tucson ;203.38;
8/03/2024;1;7.63;grampas de mandil 36;gp;7.63;
8/03/2024;1;15.25;narva ;focos ;15.25;
8/03/2024;2;161.02;Faro Delantero;hyundai H1;322.04;
8/03/2024;1;101.69;Faro Posterior;hyundai H1;101.69;
8/03/2024;1;144.07;Parachoque Delantero;kia RIO;144.07;
8/03/2024;2;101.69;Faros Delanteros;kia RIO;203.38;
8/03/2024;1;67.8;M scara;kia RIO;67.8;
8/03/2024;1;144.07;kit neblinero;mitshubisi l200;144.07;
8/03/2024;1;127.12;faro posterior ;toyota altis ;127.12;
8/03/2024;1;21.19;bracket;suzuki apv ;21.19;
9/03/2024;1;296.61;faro;toyota yaris;296.61;
11/03/2024;1;127.12;parachoque delantero;toyota yaris ;127.12;
11/03/2024;2;194.92;faro delantero;H75;389.84;
11/03/2024;2;55.8;faros posteriores;H75;111.6;
11/03/2024;6;2.54;foco de faro posterior ;HD;15.24;
11/03/2024;1;254.24;faro delantero;nissan tida;254.24;
11/03/2024;1;169.49;parachoque delantero;nissan tida;169.49;
11/03/2024;1;152.54;mascara delantera ;nissan tida ;152.54;
11/03/2024;1;33.9;mandil;nissan tida;33.9;
11/03/2024;1;33.9;tapa de neblinero;nissan tida;33.9;
11/03/2024;1;14.41;grampas de parachoque ;nissan tida ;14.41;
13/03/2024;1;152.54;foco hd led;H4;152.54;
13/03/2024;1;169.49;parachoque frontal ;hyundai I10;169.49;
13/03/2024;1;152.54;parachoque delantero;chevrolet n400;152.54;
15/03/2024;1;84.75;mandil;hyundai i20;84.75;
16/03/2024;2;58;faro neblinero;FD;116;
16/03/2024;1;135.59;sonata faro delantero;sonata;135.59;
16/03/2024;1;127.12;parachoque delantero;sonata ;127.12;
19/03/2024;2;127.12;faros delanteros ;toyota corolla ;254.24;
19/03/2024;2;63.56;faros posteriores ;toyota corolla ;127.12;
19/03/2024;2;33.9;faro de maletera ;toyota corolla ;67.8;
19/03/2024;2;8.47;focos lagrima ;toyota corolla ;16.94;
19/03/2024;2;2.54;focos lagrima ;toyota corolla ;5.08;
19/03/2024;2;21.19;focos 9005;toyota corolla ;42.38;
19/03/2024;1;5.8;foco direccional;toyota corolla;5.8;
19/03/2024;2;21.19;brackets;toyota corolla ;42.38;
19/03/2024;1;25.42;brackets;toyota corolla ;25.42;
22/03/2024;1;135;PARACHOQUE DELANTERO;toyota  hilux  ;135;
22/03/2024;2;33.9;MANDILES;toyota  hilux;67.8;
22/03/2024;1;42.37;FENDER;toyota  hilux;42.37;
22/03/2024;1;186.44;parachoque delantero;kia rio;186.44;
22/03/2024;1;135;guardafango;kia rio ;135;
23/03/2024;1;135;faro delantero;k2700;135;
25/03/2024;1;84.75;claxon corneta ;cx;84.75;
26/03/2024;1;161.2;radiador;chevrolet n300;161.2;
26/03/2024;1;1067.8;accesorios ;nissan tida ;1067.8;
26/03/2024;1;190.68;guardafango;nissan ad ;190.68;
26/03/2024;1;55.8;faro delantero;nissan ad;55.8;
26/03/2024;1;16.95;direccional ;nissan ad ;16.95;
27/03/2024;1;923;accesorios ;toyota hilux ;923;
27/03/2024;1;186.44;parachoque delantero ;toyota rav4;186.44;
27/03/2024;2;169;parachoque delantero;nissan ad ;338;
27/03/2024;1;152.54;parachoque delantero ;nissan ad ;152.54;
27/03/2024;1;161;parachoque posterior;nissan ad ;161;
27/03/2024;2;76.27;faros posteriores;nissan ad;152.54;
27/03/2024;2;12.71;direccional; nissan ad ;25.42;
28/03/2024;1;22.3;foco y sokate ;fd;22.3;
31/03/2024;1;813;accesorios ;acs ;813;
1/04/2024;2;38.14;soporte de motor ;nissan ad ;76.28;
1/04/2024;2;29;soporte de caja ;nissan ad ;58;
4/04/2024;1;254.24;parachoque delantero;kia rio;254.24;
4/04/2024;1;67.8;tapa de neblinero;kia rio ;67.8;
4/04/2024;1;144.7;radiador;nissan sentra ;144.7;
5/04/2024;1;105;ventilador ;kia rio ;105;
6/04/2024;1;271;faro delantero;combi 5l;271;
6/04/2024;1;186;mascara delantera ;combi 5l;186;
6/04/2024;1;50;guardafango;combi 5l;50;
6/04/2024;1;216;parachoque delantero ;no detalla ;216;
6/04/2024;2;67.8;faros delanteros ;nissan ad ;135.6;
6/04/2024;2;50.85;faros delanteros ;nissan ad ;101.7;
6/04/2024;1;33.9;direccionales ;nissan ad ;33.9;
6/04/2024;1;25.42;pesta¤as ;nissan ad ;25.42;
6/04/2024;1;42.37;direccional california ;nissan ad ;42.37;
6/04/2024;1;50.82;amortiguador ;nissan ad ;50.82;
9/04/2024;1;67.8;tapa;kia rio;67.8;
9/04/2024;1;67.8;ta neblinero;kia rio;67.8;
12/04/2024;1;93.22;guardafango;nissan sentra ;93.22;
12/04/2024;1;67.8;parachoque delantero;nissan sentra ;67.8;
12/04/2024;1;59.32;faro delantero ;nissan sentra ;59.32;
12/04/2024;1;16.95;direccional;nissan sentra ;16.95;
13/04/2024;1;45;soporte del motor ;kia rio ;45;
13/04/2024;1;186.44;mascara frontal ;kia rio;186.44;
13/04/2024;1;144;parachoque delantero;kia rio;144;
13/04/2024;1;118;faro delantero ;kia rio ;118;
14/04/2024;1;93.22;parachoque delantero;chevrolet n300;93.22;
16/04/2024;1;203;parachoque delantero;hyundai elantra ;203;
16/04/2024;1;152;mascara delantera ;hyundai elantra ;152;
16/04/2024;1;84.75;faro posterior ;toyota hilux ;84.75;
19/04/2024;1;144;ventilador ;nissan ad ;144;
19/04/2024;1;423;capot;kia picanto ;423;
19/04/2024;2;228;faros delanteros;kia picanto ;456;
19/04/2024;1;177;parachoque delantero;kia picanto ;177;
19/04/2024;2;152;guardafango;kia picanto ;304;
19/04/2024;1;228;mascara frontal ;kia picanto ;228;
20/04/2024;1;144;parachoque delantero;foton;144;
20/04/2024;1;192;mascara ;foton;192;
20/04/2024;1;59;faro posterior;foton ;59;
20/04/2024;1;423;capot ;chevrolet prisma ;423;
20/04/2024;1;296;parachoque delantero;chevrolet prisma ;296;
21/04/2024;1;16.95;claxon platillo ;cl;16.95;
22/04/2024;1;84;neblinero;AAA;84;
24/04/2024;1;45;soporte del motor ;kia rio ;45;
24/04/2024;1;127;ventilador ;nissan ad ;127;
26/04/2024;1;105;FARO NEBLINERO;KAVTO;105;
26/04/2024;2;76.27;CIRCULINA DOS FUNCIONES;KAVTO;152.54;
26/04/2024;1;12.71;FOCOS;45 LED;12.71;
26/04/2024;2;8.47;FOCOS;9 LED;16.94;
26/04/2024;4;5.68;BASE DE FOCO;KAVTO;22.72;
26/04/2024;10;2.54;CABLE ROJO METROS;CB;25.4;
26/04/2024;10;2.54;CABLE NEGRO METROS;CB;25.4;
26/04/2024;9;2.29;LUZ COLORES;LD;20.61;
26/04/2024;2;33.9;FARO POSTERIOR;CB;67.8;
27/04/2024;1;16.95;claxon;nissan ad ;16.95;
29/04/2024;2;110;faro de remolque ;nissan b14;220;
29/04/2024;2;131;guardafango;kia rio ;262;
30/04/2024;1;186;frao delantero ;nissan tida ;186;
1/05/2024;1;161.2;radiador ;nissan ad ;161.2;
1/05/2024;1;50.85;base de ventilador ;nissan ad ;50.85;
2/05/2024;1;110;parachoque;toyota yaris;110;
2/05/2024;2;14.82;brackets delantero;toyota yaris ;29.64;
2/05/2024;2;84.75;faros ;toyota yaris ;169.5;
2/05/2024;2;25.42;mandiles ;toyota yaris ;50.84;
2/05/2024;2;25.42;mandiles posteriores;toyota yaris ;50.84;
2/05/2024;1;25.42;brackets;toyota yaris ;25.42;
2/05/2024;1;152.54;espejo ;k2700;152.54;
3/05/2024;1;254;parachoque posterior ;toyota hilux ;254;
3/05/2024;1;364;lkilt cromado;toyota hilux ;364;
3/05/2024;1;21.19;tapa de gasolina con llave ;no detalla ;21.19;
4/05/2024;1;152.54;faro delantero;toyota yaris ;152.54;
4/05/2024;1;46.61;mascara delantera ;toyota yaris ;46.61;
4/05/2024;1;305;faro delantero ;suzuki grand nomade ;305;
7/05/2024;1;177;guardafango;mitshubisi l200;177;
7/05/2024;1;118;faro;mitshubisi l200;118;
7/05/2024;1;93.22;espejo;mitshubisi l200;93.22;
7/05/2024;1;101;ventilador ;hyundai accent;101;
7/05/2024;1;296;parachoque delantero;suzuki;296;
7/05/2024;1;186;guardafango;suzuki ;186;
10/05/2024;14;4.97;foco base;no detalla ;69.58;
14/05/2024;2;127;faro delantero;hyundai accent;254;
14/05/2024;1;135;parachoque;hyundai accent;135;
14/05/2024;1;50.85;porta chapa ;hyundai accent;50.85;
16/05/2024;1;165;radiador;glory;165;
18/05/2024;1;165.25;parachoque ;nissan frontier ;165.25;
18/05/2024;1;29.66;mandil ;toyota corolla ;29.66;
18/05/2024;1;16.95;foco 881;narva ;16.95;
20/05/2024;1;350;parabrisa ;foton aumarark;350;
21/05/2024;1;38.14;neblinero;no detalla ;38.14;
22/05/2024;2;131;faro delantero;toyota probox;262;
22/05/2024;1;50.85;espejo;toyota probox;50.85;
22/05/2024;2;42.37;soporte vulcanizado ;no detalla ;84.74;
24/05/2024;1;364.41;faro delantero;nissan versa ;364.41;
24/05/2024;2;127;kits neblinero;nissan versa ;254;
24/05/2024;1;152;mascara ;nissan versa ;152;
24/05/2024;1;33.9;mandil ;nissan versa ;33.9;
24/05/2024;2;59.32;faros delanteros ;toyota corolla ;118.64;
24/05/2024;2;25.42;direccionales ;toyota corolla ;50.84;
25/05/2024;1;144.7;parachoque delantero;nissan versa ;144.7;
25/05/2024;1;33.9;mandil ;nissan versa ;33.9;
25/05/2024;1;423.73;capot;kia rio;423.73;
25/05/2024;1;186;parachoque delantero;kia rio ;186;
25/05/2024;1;135;mascara ;kia rio;135;
25/05/2024;1;84.75;porta placa ;kia rio;84.75;
25/05/2024;1;50.85;brackets;kia rio ;50.85;
27/05/2024;1;118;parachoque delantero;custon ;118;
27/05/2024;1;84.75;mascara ;custon ;84.75;
27/05/2024;2;29.66;direccionales ;custon ;59.32;
27/05/2024;2;33.9;faro posterior ;custon ;67.8;
27/05/2024;1;15.25;plumilla ;custon ;15.25;
27/05/2024;1;110.17;parachoque delantero;mitshubisi l200;110.17;
27/05/2024;1;127.12;neblinero;mitshubisi l200;127.12;
27/05/2024;3;25.42;mandiles ;hyundai accent;76.26;
27/05/2024;4;33.9;neblineros cromados;kavto;135.6;
27/05/2024;1;12.71;foco alojeno;no detalla ;12.71;
27/05/2024;1;6.78;foco alojeno h1;no detalla ;6.78;
28/05/2024;1;74;circulina dos funciones;no detalla ;74;
28/05/2024;2;203;faro delantero;nissan frontier ;406;
28/05/2024;1;144;parachoque delantero;nissan frontier ;144;
28/05/2024;1;169;guardafango;nissan frontier ;169;
28/05/2024;2;12.71;focos h4 ;no detalla ;25.42;
28/05/2024;1;16.95;focos led lh ;no detalla ;16.95;
29/05/2024;2;33.9;direccionales ;toyota hilux;67.8;
29/05/2024;2;16.9;chapa de puerta ;toyota hilux;33.8;
29/05/2024;2;46.61;neblineros ;toyota hilux;93.22;
29/05/2024;4;3.81;sube lunas ;toyota hilux;15.24;
29/05/2024;1;127.12;mascara ;toyota hilux;127.12;
29/05/2024;2;29.66;faros ;toyota hilux;59.32;
29/05/2024;4;11.82;manijas ;toyota hilux;47.28;
29/05/2024;2;36.02;mandiles ;toyota hilux;72.04;
29/05/2024;1;72.03;juego de tapa barro ;toyota hilux;72.03;
29/05/2024;2;23.37;direccional de parachoque ;toyota hilux;46.74;
29/05/2024;1;42.37;visagras de capot;toyota hilux;42.37;
29/05/2024;2;38.14;faro posterior ;toyota hilux;76.28;
29/05/2024;1;211;radiador;kia rio;211;
29/05/2024;1;152;mascara ;kia rio ;152;
30/05/2024;1;38.14;mascara ;toyota corolla ;38.14;
30/05/2024;1;169.49;reflector ;kia rio;169.49;
30/05/2024;1;42.37;seguro de espejo ;kia rio ;42.37;
30/05/2024;1;161;radiador;nissan ad ;161;
30/05/2024;2;14.83;manguera ;nissan ad ;29.66;
30/05/2024;4;2.12;abrazadera ;nissan ad ;8.48;
30/05/2024;2;21.19;refrigerante;nissan ad ;42.38;
1/06/2024;4;33.9;FARO PIRATA LED;LED;135.6;
1/06/2024;1;127.12;MASCARA;NISSAN FRONTIER;127.12;
1/06/2024;1;25.42;LOGOTIPO;NISSAN FRONTIER;25.42;
2/06/2024;1;152.54;RADIADOR;NISSAN;152.54;
2/06/2024;1;152.54;VENTILADOR;KIA RIO ;152.54;
2/06/2024;1;350;LUNA POSTERIOR;WINGLE 3;350;
3/06/2024;2;93.22;FAROS;NISSAN VERSA;186.44;
3/06/2024;1;186.44;PARA CHOQUE EN TAIWAN;NISSAN VERSA;186.44;
3/06/2024;1;127.12;KIT DE NEBLINEROS;NISSAN VERSA;127.12;
4/06/2024;1;127.12;PARA CHOQUE POSTERIOR;TOYOTA YARIS;127.12;
4/06/2024;1;110.17;PARA CHOQUE POSTERIOR;N300;110.17;
4/06/2024;1;42.37;FENDER;TOYOTA HILUX;42.37;
4/06/2024;1;2.54;FOCO;LD;2.54;
5/06/2024;1;381.36;FRONTAL;HYUNDAI H1;381.36;
5/06/2024;1;152.54;FARO DELANTERO;HYUNDAI H1;152.54;
5/06/2024;1;152.54;PARA CHOQUE DELANTERO;HYUNDAI H1;152.54;
5/06/2024;1;10.17;FOCO H7;HYUNDAI H1;10.17;
6/06/2024;1;10.17;FOCO;HYUNDAI H1;10.17;
6/06/2024;1;1.27;LAGRIMA;KAVTO;1.27;
7/06/2024;2;25.42;BRACKETS;HYUNDAI H1;50.84;
7/06/2024;1;2.54;FOCO;KAVTO;2.54;
7/06/2024;1;152.54;PARA CHOQUE POSTERIOR;HYUNDAI H1;152.54;
8/06/2024;2;25.42;DIRECCIONALES;FIERRA;50.84;
9/06/2024;1;271.19;CAPOT;NISSAN B16;271.19;
10/06/2024;1;76.27;PARA CHOQUE;NISSAN B17;76.27;
11/06/2024;1;93.22;GUARDA FANGO;NISSAN B18;93.22;
12/06/2024;2;55.08;FARO DELANTERO;NISSAN B19;110.16;
12/06/2024;1;16.95;DIRECCIONAL;NISSAN B20;16.95;
12/06/2024;1;16.95;VISEL;NISSAN B21;16.95;
12/06/2024;1;169.49;VENTILADOR;AVEO;169.49;
13/06/2024;1;194.92;PARA CHOQUE DELANTERO;KIA RIO;194.92;
13/06/2024;1;144.07;GUARDA FANGO;KIA RIO;144.07;
13/06/2024;1;144.07;FARO DELANTERO;KIA RIO;144.07;
13/06/2024;1;135.59;PORTA FILTRO;KIA RIO;135.59;
14/06/2024;1;25.42;MANDIL DE LLANTA;KIA RIO;25.42;
15/06/2024;1;186.44;FOCO;FD;186.44;
15/06/2024;1;186.44;FOCO;FH;186.44;
15/06/2024;2;110.17;FARO DELANTERO;FRONTIER;220.34;
15/06/2024;2;16.95;JUEGOS DE PLUMILLAS;SET;33.9;
16/06/2024;2;50.85;FARO POSTERIOR;TOYOTA PROBOX;101.7;
16/06/2024;2;25.42;MANDIL;TOYOTA PROBOX;50.84;
16/06/2024;1;211.86;PORTA CHAPA;KIA RIO;211.86;
16/06/2024;2;110.17;FARO DELANTERO;NISSAN B12;220.34;
17/06/2024;2;25.42;DIRECCIONALES;B12;50.84;
18/06/2024;2;97.46;FARO DELANTERO;CHEVROLET SAIL;194.92;
19/06/2024;2;67.8;FARO POSTERIOR;CHEVROLET SAIL;135.6;
19/06/2024;1;93.22;PARA CHOQUE DELANTERO;CHEVROLET SAIL;93.22;
19/06/2024;1;118.64;PARA CHOQUE POSTERIOR;CHEVROLET SAIL;118.64;
19/06/2024;1;101.69;ESPEJO;CHEVROLET SAIL;101.69;
20/06/2024;1;406.78;MALETERA;CHEVROLET SAIL;406.78;
21/06/2024;3;161.02;FARO POSTERIOR;SUZUKI GRAND NOMADE;483.06;
21/06/2024;1;67.8;FARO POSTERIOR;CHEVROLET SAIL;67.8;
21/06/2024;1;127.12;KIT DE NEBLINERO;CHEVROLET SAIL;127.12;
22/06/2024;1;152.54;PARA CHOQUE DELANTERO;TOYOTA ETIOS;152.54;
23/06/2024;1;135.59;FARO POSTERIOR;TOYOTA ETIOS;135.59;
24/06/2024;1;228.81;RADIADOR;NISSAN;228.81;
24/06/2024;3;33.9;SOPORTE;SP;101.7;
24/06/2024;1;177.97;PARACHOQUE DELANTERO;5L;177.97;
24/06/2024;1;152.54;PARA CHOQUE DELANTERO;HYUNDAI H100;152.54;
24/06/2024;2;127.12;FARO POSTERIOR;NAVARA;254.24;
24/06/2024;1;118.64;MANDIL DE MOTOR;KIA RIO ;118.64;
25/06/2024;1;33.9;MANIJA DE PUERTA;KIA RIO ;33.9;
26/06/2024;1;169.49;PARACHOQUE DELANTERO;KIA RIO ;169.49;
27/06/2024;1;110.17;PARA CHOQUE DELANTERO;TOYOTA YARIS;110.17;
27/06/2024;1;50.85;MASCARA;TOYOTA YARIS;50.85;
27/06/2024;1;42.37;CROMOS;TOYOTA YARIS;42.37;
28/06/2024;1;177.97;GUARDA FANGOS;TOYOTA YARIS;177.97;
29/06/2024;1;33.9;TAPAS;TOYOTA YARIS;33.9;
29/06/2024;2;101.69;ESPEJOS;TOYOTA YARIS;203.38;
29/06/2024;1;29.66;BRACKETS;TOYOTA YARIS;29.66;
30/06/2024;1;135.59;PARA CHOQUE DELANTERO;TOYOTA HILUX;135.59;
30/06/2024;1;203.39;FARO DELANTERO;TOYOTA HILUX;203.39;
30/06/2024;1;118.64;GUARDA FANGO;TOYOTA HILUX;118.64;
30/06/2024;1;29.66;MANDIL;TOYOTA HILUX;29.66;
1/07/2024;12;33.9;FARO PIRATA LED;nissan b12;406.8;
1/07/2024;1;76.27;PARA CHOQUE DELANTERO;nissan b13;76.27;
1/07/2024;1;42.37;MASCARA;nissan b14;42.37;
1/07/2024;1;50.85;DIRECCIONAL;nissan b15;50.85;
2/07/2024;1;177.97;PARA CHOQUE DELANTERO;METROPOLITANO;177.97;
2/07/2024;1;63.56;FARO;K2700;63.56;
2/07/2024;1;177.97;PARA CHOQUE DELANTERO;KIA RIO;177.97;
2/07/2024;1;144.07;FARO;KIA RIO;144.07;
3/07/2024;1;169.49;PARA CHOQUE DELANTERO;HYUNDAI H100;169.49;
3/07/2024;1;194.92;CAPOT;HYUNDAI H101;194.92;
3/07/2024;1;118.64;TANQUE;HYUNDAI H102;118.64;
3/07/2024;1;50.85;EMBLEMA;HYUNDAI H103;50.85;
4/07/2024;2;177.97;FAROS DELANTEROS;SUZUKI CELERIO;355.94;
4/07/2024;1;1326.27;ACCESORIOS DE AUTOS;FD;1326.27;
4/07/2024;1;21.19;BRACKETS;TOYOTA HILUX;21.19;
4/07/2024;1;16.95;FUSIBLE 10A;FC;16.95;
5/07/2024;1;8.47;TERMINALES;TMO;8.47;
5/07/2024;1;8.47;TERMINALES;TMH;8.47;
5/07/2024;1;12.71;LAGRIMA 12V;NARVA;12.71;
5/07/2024;1;13.56;LAGRIMA;NARVA;13.56;
5/07/2024;10;0.85;CABLE 18;CB;8.5;
6/07/2024;20;1.19;CABLE 16;CB;23.8;
6/07/2024;20;1.36;CABLE 14;CB;27.2;
6/07/2024;1;169.49;PARACHOQUE DELANTERO;TOYOTA 2KD;169.49;
6/07/2024;2;127.12;FARA DELANTEROS;TOYOTA 2KD;254.24;
6/07/2024;1;220.34;CAPOT;TOYOTA 2KD;220.34;
6/07/2024;1;211.86;MASCARA;TOYOTA 2KD;211.86;
6/07/2024;2;50.85;GUARDAFANGOS;TOYOTA 2KD;101.7;
6/07/2024;2;29.66;BRACKET;TOYOTA 2KD;59.32;
6/07/2024;1;127.12;KIT DE NEBLINERO;TOYOTA 2KD;127.12;
6/07/2024;1;228.81;FARO POSTERIOR SAIL;CHEVROLET SAIL;228.81;
6/07/2024;1;63.56;MANIJA;TOYOTA HILUX;63.56;
7/07/2024;1;271.19;CAPOT;TOYOTA YARIS;271.19;
8/07/2024;2;279.66;FAROS;TOYOTA YARIS;559.32;
9/07/2024;1;203.39;PARA CHOQUE;TOYOTA YARIS;203.39;
10/07/2024;2;93.22;GUARDA FANGO;TOYOTA YARIS;186.44;
11/07/2024;2;29.66;MANDIL DE LLANTA;TOYOTA YARIS;59.32;
11/07/2024;1;76.27;MANDIL DE MOTOR;TOYOTA YARIS;76.27;
11/07/2024;1;101.69;PORTA FILTRO;TOYOTA YARIS;101.69;
11/07/2024;1;169.49;FARO DELANTERO;SX4;169.49;
11/07/2024;1;46.61;FARO REDONDO;KV;46.61;
11/07/2024;1;12.71;SIRENA DE RETROCESO;KV;12.71;
11/07/2024;1;12.71;LUZ DE PLACA;LP;12.71;
11/07/2024;4;2.54;FOCO NARVA;FD;10.16;
11/07/2024;6;1.69;LAGRIMA FLOSER;FD;10.14;
11/07/2024;6;0.42;FUSIBLE;FD;2.52;
11/07/2024;1;381.36;FAROS Y DIRECCIONAL;GRACE;381.36;
11/07/2024;1;127.12;COMPLEMENTO DE PARA CHOQUE;KIA SPORTAGUE;127.12;
11/07/2024;1;42.37;GUIA POSTERIOR;KIA SPORTAGUE;42.37;
11/07/2024;12;33.9;FARO PIRATA LED;FP;406.8;
11/07/2024;1;313.56;CAPOT;TOYOTA COROLLA;313.56;
11/07/2024;1;33.9;VISAGRAS;TOYOTA COROLLA;33.9;
12/07/2024;1;33.9;FOCOS;TOYOTA COROLLA;33.9;
13/07/2024;1;8.47;SOCATE;TOYOTA COROLLA;8.47;
14/07/2024;1;101.31;GUARDAFANGO;TOYOTA COROLLA;101.31;
15/07/2024;1;101.31;PARA CHOQUE DELANTERO;TOYOTA COROLLA;101.31;
16/07/2024;1;33.9;MASCARA;TOYOTA COROLLA;33.9;
16/07/2024;2;93.22;FAROS;TOYOTA COROLLA;186.44;
17/07/2024;2;29.66;DIRECCIONALES;TOYOTA COROLLA;59.32;
18/07/2024;2;25.42;DIRECCIONAL DE PARA CHOQUE;TOYOTA COROLLA;50.84;
18/07/2024;2;25.42;DIRECCIONAL DE PARA CHOQUE;TOYOTA COROLLA;50.84;
18/07/2024;1;55.08;PARA CHOQUE POSTERIOR;TOYOTA COROLLA;55.08;
18/07/2024;1;135.59;PARA CHOQUE DELANTERO;HYUNDAI ACCENT;135.59;
18/07/2024;1;76.27;MANDIL DE MOTOR;HYUNDAI ACCENT;76.27;
18/07/2024;1;59.32;PROTECTOR DE RADIADOR;HYUNDAI ACCENT;59.32;
18/07/2024;1;16.95;BRACKETS;HYUNDAI ACCENT;16.95;
19/07/2024;1;21.19;TAPA DE NEBLINERO;HYUNDAI ACCENT;21.19;
20/07/2024;1;15.25;FARO LATERAL;LD;15.25;
21/07/2024;1;67.8;CABLE Y FUNDA;CB;67.8;
22/07/2024;1;372.88;PARA CHOQUE;TOYOTA COROLLA;372.88;
23/07/2024;1;55.08;PARA CHOQUE DELANTERO;TOYOTA COROLLA;55.08;
24/07/2024;1;50.85;FARO DELANTERO;TOYOTA COROLLA;50.85;
25/07/2024;1;677.97;ACCESORIOS DE AUTO;TOYOTA HILUX;677.97;
1/08/2024;2;169.49;FAROS;NISSAN VERSA;338.98;
2/08/2024;1;135.59;FARO POSTERIOR;TOYOTA COROLLA;135.59;
3/08/2024;2;50.85;FARO DELANTERO;TOYOTA TURING;101.7;
4/08/2024;1;254.24;CAPOT;TOYOTA TURING;254.24;
4/08/2024;2;16.95;DIRECCIONAL;TOYOTA TURING;33.9;
4/08/2024;1;97.46;PARA CHOQUE;TOYOTA TURING;97.46;
4/08/2024;2;93.22;GUARDA FANGO;TOYOTA TURING;186.44;
4/08/2024;2;33.9;FARO POSTERIOR;TOYOTA TURING;67.8;
4/08/2024;1;88.98;MASCARA NEBLINERO;TOYOTA TURING;88.98;
4/08/2024;1;8.47;EMBLEMA;TOYOTA TURING;8.47;
4/08/2024;2;16.95;MANDILES;TOYOTA TURING;33.9;
4/08/2024;2;21.19;FARITO DE PARACHOQUE TAIWAN;TOYOTA TURING;42.38;
6/08/2024;1;372.88;CAPOT;NISSAN LIBERO;372.88;
6/08/2024;1;144.07;GUARDAFANGO;NISSAN LIBERO;144.07;
6/08/2024;1;118.64;PARA CHOQUE;NISSAN LIBERO;118.64;
6/08/2024;2;67.8;FARO DELANTERO;NISSAN LIBERO;135.6;
6/08/2024;2;38.14;DIRECCIONALES;NISSAN LIBERO;76.28;
6/08/2024;1;59.32;MASCARA;NISSAN LIBERO;59.32;
7/08/2024;1;186.44;RADIADOR;RD;186.44;
8/08/2024;2;101.69;FARO DELANTERO;NISSAN;203.38;
9/08/2024;1;110.17;PARA CHOQUE DELANTERO;TOYOTA YARIS;110.17;
9/08/2024;1;118.64;PARA CHOQUE POSTERIOR;TOYOTA YARIS;118.64;
9/08/2024;2;25.42;MANDIL;TOYOTA YARIS;50.84;
9/08/2024;2;16.95;BRACKETS DELANTEROS;TOYOTA YARIS;33.9;
9/08/2024;4;21.19;BRACKETS POSTERIORES;TOYOTA YARIS;84.76;
9/08/2024;1;50.85;MASCARA;TOYOTA YARIS;50.85;
12/08/2024;1;186.44;FARO DELANTERO;TOYOTA YARIS;186.44;
12/08/2024;1;423.73;CAPOT;TOYOTA HILUX;423.73;
12/08/2024;1;169.49;MASCARA;TOYOTA HILUX;169.49;
12/08/2024;1;279.19;FARO DELANTERO;TOYOTA HILUX;279.19;
12/08/2024;1;84.75;VISEL CROMADO;TOYOTA HILUX;84.75;
12/08/2024;1;33.9;VISAGRA DE CAPOT;TOYOTA HILUX;33.9;
13/08/2024;1;10.17;FOCO H4;NARVA;10.17;
14/08/2024;1;4.24;SOQUET;NARVA;4.24;
15/08/2024;1;12.71;FOCO H7;NARVA;12.71;
16/08/2024;2;169.49;FAROS POSTERIORES;MITSHUBISI L200;338.98;
17/08/2024;1;118.64;PARA CHOQUE DELANTERO;TOYOTA TERCEL;118.64;
17/08/2024;2;84.75;FAROS DELANTEROS;TOYOTA TERCEL;169.5;
17/08/2024;2;25.42;DIRECCIONALES;TOYOTA TERCEL;50.84;
17/08/2024;1;59.32;FARO POSTERIOR;K2700;59.32;
18/08/2024;1;250;REGLA;TOYOTA FORTUNER;250;
19/08/2024;2;241.53;ESPEJOS;SUZUKI GRAN VITARA;483.06;
20/08/2024;2;42.37;ESPEJOS;NISSAN SENTRA;84.74;
21/08/2024;1;21.19;DIRECCIONAL;NISSAN SENTRA;21.19;
22/08/2024;1;127.12;PARACHOQUES;NISSAN SENTRA;127.12;
23/08/2024;1;169.49;PARACHQUE DELANTERO;HYUNDAI H1;169.49;
24/08/2024;1;169.49;FARA DELANTERO;SUZUKI APV;169.49;
25/08/2024;1;101.69;REJILLA DE PARA CHOQUE DELANTERO;SUZUKI APV;101.69;
26/08/2024;1;135.59;PARA CHOQUE DELANTERO;TOYOTA COROLLA;135.59;
26/08/2024;1;50.85;REJILLA;TOYOTA COROLLA;50.85;
26/08/2024;1;118.64;GUARDAFANGO;TOYOTA COROLLA;118.64;
26/08/2024;2;67.8;FAROS POSTERIORES;N300;135.6;
26/08/2024;2;21.19;CAJA FOCO 2C;NARVA;42.38;
26/08/2024;2;21.19;CAJA FOCO 1C;NARVA;42.38;
26/08/2024;2;11.02;CAJA DE LAGRIMITAS;NARVA;22.04;
26/08/2024;1;220.34;PAQUETE H7;NARVA;220.34;
26/08/2024;1;135.59;PAQUETE H4;NARVA;135.59;
26/08/2024;2;76.27;FARO POSTERIOR;FL;152.54;
26/08/2024;1;144.07;FARO DELANTERO;BONGO;144.07;
27/08/2024;1;110.17;PARA CHOQUE DELANTERO;NISSAN FIERRA;110.17;
27/08/2024;2;29.66;DIRECCIONALES;NISSAN FIERRA;59.32;
27/08/2024;1;161.02;GUARDAFANGO;TOYOTA PROBOX;161.02;
27/08/2024;1;50.85;REJILLA;TOYOTA PROBOX;50.85;
27/08/2024;1;93.22;VIGOTE;TOYOTA PROBOX;93.22;
27/08/2024;1;38.14;CACHITOS;TOYOTA PROBOX;38.14;
27/08/2024;2;135.59;FAROSDELANTEROS;TOYOTA PROBOX;271.18;
27/08/2024;1;25.42;MANDIL;TOYOTA PROBOX;25.42;
1/09/2024;1;118.64;FARO DELANTERO;HYUNDAI H100;118.64;
2/09/2024;1;55.08;FARO POSTERIOR;HYUNDAI H101;55.08;
3/09/2024;1;10.17;FOCO H4;NARVA;10.17;
4/09/2024;2;2.12;FOCO 1CONTACTO;NARVA;4.24;
5/09/2024;1;135.59;PARACHOQUE DELANTERO;KIA RIO ;135.59;
6/09/2024;1;790.68;LATERALES DE CAMION;CD;790.68;
7/09/2024;1;135.59;PARACHOQUE DELANTERO;RIO;135.59;
8/09/2024;1;67.8;FARO DELANTERO;HYUNDAI EXCEL;67.8;
8/09/2024;2;21.19;DIRECCIONALES;HYUNDAI EXCEL;42.38;
8/09/2024;2;46.61;MµSCARA;HYUNDAI EXCEL;93.22;
8/09/2024;2;72.03;FARO POSTERIOR;HYUNDAI EXCEL;144.06;
8/09/2024;2;148.31;RADIADOR;RD;296.62;
8/09/2024;1;46.61;FARO POSTERIOR;N300;46.61;
8/09/2024;1;4.24;FOCOS;NARVA;4.24;
8/09/2024;2;29.66;DIRECCIONAL;N300;59.32;
8/09/2024;1;105.93;FARO POSTERIOR DEPO;TOYOTA COROLLA;105.93;
8/09/2024;1;118.64;FOCOS H4 LUPA;FC;118.64;
8/09/2024;2;101.69;VENTILADOR;TOYOTA;203.38;
8/09/2024;1;67.8;GUARDAFANGO;N300;67.8;
8/09/2024;1;42.37;FARO POSTERIOR;N300;42.37;
8/09/2024;1;110.17;PARACHOQUE DELANTERO YARIS 2010 MARCA AGP;TY12;110.17;
11/09/2024;1;135.59;PARACHOQUE DELANTERO;CHEVROLET AVEO;135.59;
11/09/2024;2;101.69;GUARDAFANGO;CHEVROLET AVEO;203.38;
11/09/2024;1;322.03;CAPOT;CHEVROLET AVEO;322.03;
11/09/2024;1;59.32;MµSCARA;CHEVROLET AVEO;59.32;
11/09/2024;1;29.66;MANDIL;CHEVROLET AVEO;29.66;
11/09/2024;1;25.42;TAPA DE NEBLINERO CROMADO;CHEVROLET AVEO;25.42;
11/09/2024;1;42.37;REGLA CROMODA;CHEVROLET AVEO;42.37;
11/09/2024;1;169.49;PARACHOQUE DELANTERO;N400;169.49;
12/09/2024;1;135.59;RADIADOR;KIA RIO ;135.59;
12/09/2024;2;135.59;VENTILADOR;KIA RIO ;271.18;
12/09/2024;2;12.71;MANGUERA;KIA RIO ;25.42;
12/09/2024;2;29.66;REFRIGERANTE;KIA RIO ;59.32;
12/09/2024;2;12.71;SOPORTE DE RADIADOR;KIA RIO ;25.42;
14/09/2024;1;360.17;FAROS DELANTEROS;KIA CERATO;360.17;
14/09/2024;1;127.12;CHAPA;KIA CERATO;127.12;
14/09/2024;2;118.64;PORTA FILTRO;KIA CERATO;237.28;
14/09/2024;1;110.17;PORTA CHAPA;KIA CERATO;110.17;
14/09/2024;1;296.61;REJILLA DE PARABRISA;KIA CERATO;296.61;
14/09/2024;2;135.59;TANQUE DE PARABRISA;KIA CERATO;271.18;
14/09/2024;1;33.9;MANDILES DE LLANTA;KIA CERATO;33.9;
14/09/2024;1;84.75;MANDIL DE MOTOR;KIA CERATO;84.75;
14/09/2024;1;144.07;BASE;KIA CERATO;144.07;
14/09/2024;1;118.64;RESONADOR;KIA CERATO;118.64;
14/09/2024;2;211.86;KIT DE NEBLINERO;KIA CERATO;423.72;
14/09/2024;1;211.86;PARA CHOQUE DELANTERO;KIA CERATO;211.86;
14/09/2024;1;161.02;RADIADOR;KIA CERATO;161.02;
14/09/2024;1;165.25;VENTILADOR;KIA CERATO;165.25;
14/09/2024;1;237.29;FRONTAL;KIA CERATO;237.29;
14/09/2024;1;29.66;MANGUERA;KIA CERATO;29.66;
14/09/2024;1;338.98;CAPOT;KIA CERATO;338.98;
14/09/2024;1;135.59;SOPORTE;KIA CERATO;135.59;
14/09/2024;2;118.64;MµSCARA;KIA CERATO;237.28;
15/09/2024;2;550.85;FARO DELANTERO;TOYOTA RUSH;1101.7;
16/09/2024;2;21.19;FAROS DELANTERO;MITSHUBISI L200;42.38;
16/09/2024;2;50.85;FAROS POSTERIORES;MITSHUBISI L201;101.7;
16/09/2024;1;16.95;BASE DE FARO;MITSHUBISI L202;16.95;
16/09/2024;1;33.9;DIRECCIONALES;MITSHUBISI L203;33.9;
16/09/2024;2;46.61;FARITO DE PARACHOQUE;MITSHUBISI L204;93.22;
17/09/2024;1;101.69;PARA CHOQUE DELANTERO;TOYOTA COROLLA;101.69;
17/09/2024;1;55.08;FARO DELANTERO;TOYOTA COROLLA;55.08;
17/09/2024;2;19.07;DIRECCIONAL;TOYOTA COROLLA;38.14;
17/09/2024;1;12.71;FARITO DE PARA CHOQUE;TOYOTA COROLLA;12.71;
18/09/2024;1;29.66;DIRECCIONAL;NISSAN B16;29.66;
19/09/2024;1;135.59;PARA CHOQUE DELANTERO;HYUNDAI STAREX;135.59;
19/09/2024;1;101.69;FAROS DELANTERO;HYUNDAI STAREX;101.69;
19/09/2024;2;33.9;DIRECCIONALES;HYUNDAI STAREX;67.8;
19/09/2024;1;211.86;PARA CHOQUE POSTERIOR;HYUNDAI STAREX;211.86;
19/09/2024;1;59.32;FAROS POSTERIORES;HYUNDAI STAREX;59.32;
19/09/2024;1;21.19;MANIJAS;HYUNDAI STAREX;21.19;
20/09/2024;1;110.07;FAROS POSTERIORES;MITSHUBISI L200;110.07;
21/09/2024;1;101.69;GUARDAFANGO;SW;101.69;
22/09/2024;1;169.49;PARA CHOQUE DELANTERO;NISSAN TIDA;169.49;
23/09/2024;1;38.14;MANDIL DE LLANTA;NISSAN TIDA;38.14;
24/09/2024;2;16.94;FARO POSTERIOR;FP;33.88;
25/09/2024;2;11.02;FARITOS LATERALES;FL;22.04;
26/09/2024;2;8.47;SUIT LEVANTA LUNA;S;16.94;
27/09/2024;2;805.08;FARO DELANTEROCYCAPOT;CHEVROLET AVEO;1610.16;
28/09/2024;1;177.97;PARACHOQUE DELANTERO;NISSAN AD;177.97;
28/09/2024;1;33.9;FAROS DELANTERO;NISSAN AD;33.9;
28/09/2024;2;29.66;INTERMITENTES;NISSAN AD;59.32;
28/09/2024;1;29.66;FAROS POSTERIORES;NISSAN AD;29.66;
28/09/2024;1;177.97;PARACHOQUE POSTERIOR;NISSAN AD;177.97;
28/09/2024;2;16.95;PLUMILLAS;NISSAN AD;33.9;
1/10/2024;1;220.34;FRONTAL;GRAND 110;220.34;
2/10/2024;1;194.92;PARA CHOQUE DELANTERO;KIA  RIO;194.92;
3/10/2024;1;203.39;PARA CHOQUE POSTERIOR;KIA  RIO;203.39;
4/10/2024;1;50.85;BRACKETS;KIA  RIO;50.85;
5/10/2024;1;72.03;MANDIL DE MOTOR;TOYOTA YARIS;72.03;
6/10/2024;2;110.17;FARO DELANTERO;HYUNDAI H100;220.34;
7/10/2024;1;135.59;PARA CHOQUE;HYUNDAI H100;135.59;
8/10/2024;2;50.85;FARO POSTERIOR;HYUNDAI H100;101.7;
9/10/2024;2;203.39;AMORTIGUADOR DELANTERO MONROY;JAC;406.78;
10/10/2024;1;423.73;REPUESTOS PARA CARROS;HYUNDAI H100;423.73;
11/10/2024;1;110.17;PARA CHOQUE DELANTERO;N300;110.17;
12/10/2024;1;211.86;RADIADOR;CHEVROLET AVEO;211.86;
13/10/2024;2;177.97;FAROS DELANTEROS;NISSAN VERSA;355.94;
14/10/2024;1;152.54;MµSCARA;NISSAN VERSA;152.54;
15/10/2024;1;101.69;PARA CHOQUE DELANTERO;CHEVROLET AVEO;101.69;
16/10/2024;1;144.07;FARO DELANTERO;NISSAN VERSA ;144.07;
17/10/2024;1;161.02;PARACHOQUE DELANTERO;NISSAN TIDA;161.02;
18/10/2024;1;161.02;PARACHOQUE DELANT;NISSAN TIDA;161.02;
19/10/2024;1;76.27;FARO POSTERIOR;N200;76.27;
24/10/2024;2;67.8;PARACHOQUE;NISSAN SENTRA;135.6;
24/10/2024;4;55.08;FAROS;NISSAN SENTRA;220.32;
25/10/2024;2;169.49;FAROS;SX4;338.98;
26/10/2024;1;84.75;NEBLINEROS;TOYOTA;84.75;
27/10/2024;1;169.49;RADIADOR;KIA RIO ;169.49;
3/11/2024;1;296.61;FAROS Y PARACHOQUES;NISSAN SENTRA;296.61;
3/11/2024;1;101.69;FAROS;NISSAN SENTRA;101.69;
3/11/2024;1;76.27;PARACHOQUE;NISSAN SENTRA;76.27;
3/11/2024;1;33.9;VIGOTE;NISSAN SENTRA;33.9;
3/11/2024;1;33.9;DIRECCIONAL;NISSAN SENTRA;33.9;
4/11/2024;1;161.02;PARACHOQUE;HYUNDAY;161.02;
4/11/2024;1;305.08;FAROS;HYUNDAY;305.08;
4/11/2024;1;144.07;MµSCARA;HYUNDAY;144.07;
5/11/2024;1;296.61;FARO DELANTERO;URBAN;296.61;
6/11/2024;1;135.59;RADIDOR;KIA RIO ;135.59;
7/11/2024;2;254.24;FAROS;TOYOTA HILUX;508.48;
7/11/2024;1;338.98;PARACHOQUE;TOYOTA HILUX;338.98;
7/11/2024;1;220.34;MµSCARA;TOYOTA HILUX;220.34;
7/11/2024;1;169.49;EMBLEMAS;TOYOTA HILUX;169.49;
8/11/2024;1;144.07;FAROS DELANTEROS;TOYOTA PROBOX;144.07;
8/11/2024;1;76.27;PARACHOQUE POSTERIOR;TOYOTA PROBOX;76.27;
8/11/2024;1;288.14;PARACHOQUE Y FAROS;NISSAN SENTRA;288.14;
8/11/2024;1;110.17;PARACHOQUE DELANTERO;MITSHUBISI LIBERO;110.17;
8/11/2024;1;21.19;DIRECCIONAL;MITSHUBISI LIBERO;21.19;
10/11/2024;1;59.32;PARACHOQUE;TOYOTA COROLLA;59.32;
10/11/2024;1;84.75;FARO DELANTERO;TOYOTA COROLLA;84.75;
10/11/2024;1;84.75;PARACHOQUE POSTERIOR;TOYOTA COROLLA;84.75;
10/11/2024;1;29.66;DIRECCIONALES;TOYOTA COROLLA;29.66;
10/11/2024;1;76.27;FARO;CHEVROLET SAIL;76.27;
11/11/2024;2;186.44;FARO DELANTERO;CUSTER;372.88;
12/11/2024;2;67.8;FARO POSTERIOR;CUSTER;135.6;
13/11/2024;1;169.49;PARACHOQUE DELANTERO;NISSAN AD;169.49;
13/11/2024;1;110.17;PARACHOQUE POSTERIOR;NISSAN AD;110.17;
13/11/2024;1;21.19;DIRECCIONAL;NISSAN AD;21.19;
13/11/2024;1;245.76;RADIADOR;KIA SOLUTO;245.76;
13/11/2024;2;97.46;FAROS DELANTEROS;NISSAN SENTRA;194.92;
13/11/2024;2;29.66;DIRECCIONALES;NISSAN SENTRA;59.32;
14/11/2024;1;101.69;FOCO LED;NARVA;101.69;
15/11/2024;2;161.02;FARO POSTERIOR;SUZUKI;322.04;
16/11/2024;2;29.66;MANDIL DE LLANTA;CHEVROLET SAIL;59.32;
25/11/2024;1;84.75;REJILLA MAS BASE;KIA RIO;84.75;
26/11/2024;1;50.85;MANDILES;KIA RIO;50.85;
27/11/2024;1;135.59;PARACHOQUE DELANTERO;KIA RIO;135.59;
28/11/2024;1;25.42;MOTOR DE TANQUE;KIA RIO;25.42;
29/11/2024;2;42.37;DIRECCIONAL;HD 75;84.74;
1/12/2024;1;296.61;FAROS Y PARACHOQUES;NISSAN SENTRA;296.61;
2/12/2024;1;101.69;FAROS;NISSAN SENTRA;101.69;
3/12/2024;1;76.27;PARACHOQUE;NISSAN SENTRA;76.27;
4/12/2024;1;33.9;VIGOTE;NISSAN SENTRA;33.9;
5/12/2024;1;33.9;DIRECCIONAL;NISSAN SENTRA;33.9;
6/12/2024;1;161.02;PARACHOQUE;HYUNDAY;161.02;
6/12/2024;1;305.08;FAROS;HYUNDAY;305.08;
6/12/2024;1;144.07;MµSCARA;HYUNDAY;144.07;
7/12/2024;1;296.61;FARO DELANTERO;NISSAN URBAN;296.61;
8/12/2024;1;135.59;RADIDOR;KIA RIO ;135.59;
11/12/2024;2;254.24;FAROS;TOYOTA HILUX;508.48;
11/12/2024;1;338.98;PARACHOQUE;TOYOTA HILUX;338.98;
11/12/2024;1;220.34;MµSCARA;TOYOTA HILUX;220.34;
11/12/2024;1;169.49;EMBLEMAS;TOYOTA HILUX;169.49;
15/12/2024;1;144.07;FAROS DELANTEROS;TOYOTA PROBOX;144.07;
15/12/2024;1;76.27;PARACHOQUE POSTERIOR;TOYOTA PROBOX;76.27;
17/12/2024;1;288.14;PARACHOQUE Y FAROS;NISSAN SENTRA;288.14;
18/12/2024;1;110.17;PARACHOQUE DELANTERO;NISSAN LIBERO;110.17;
18/12/2024;1;21.19;DIRECCIONAL;NISSAN LIBERO;21.19;
18/12/2024;1;59.32;PARACHOQUE;TOYOTA COROLLA;59.32;
18/12/2024;1;84.75;FARO DELANTERO;TOYOTA COROLLA;84.75;
18/12/2024;1;84.75;PARACHOQUE POSTERIOR;TOYOTA COROLLA;84.75;
18/12/2024;1;29.66;DIRECCIONALES;TOYOTA COROLLA;29.66;
20/12/2024;1;76.27;FARO;CHEVROLET SAIL;76.27;
20/12/2024;2;186.44;FARO DELANTERO;CUSTER;372.88;
20/12/2024;2;67.8;FARO POSTERIOR;CUSTER;135.6;
20/12/2024;1;169.49;PARACHOQUE DELANTERO;NISSAN;169.49;
20/12/2024;1;110.17;PARACHOQUE POSTERIOR;NISSAN;110.17;
20/12/2024;1;21.19;DIRECCIONAL;NISSAN;21.19;
20/12/2024;1;245.76;RADIADOR;KIA SSOLUTO;245.76;
4/01/2025;2;93.22;FARO POSTERIOR;NISSAN VERSA;186.44;
4/01/2025;1;169.49;FARO POSTERIOR;NP300;169.49;
4/01/2025;1;211.86;RADIADOR;RD;211.86;
4/01/2025;1;42.32;BASE DE VENTILADOR;VT;42.32;
4/01/2025;1;161.02;FARO POSTERIOR;AVEO;161.02;
4/01/2025;1;161.02;PARACHOQUE DELANTERO;CHEVY EVOLUTION;161.02;
7/01/2025;1;169.49;PARACHOQUE DELANTERO;5L;169.49;
7/01/2025;1;110.17;PARACHOQUE POSTERIOR;5L;110.17;
7/01/2025;1;508.47;FAROS DELANTEROS EN DEPO;5L;508.47;
7/01/2025;1;211.86;MµSCARA;5L;211.86;
7/01/2025;1;50.85;GUIAS DELANTEROS;5L;50.85;
7/01/2025;1;46.61;GUIAS POSTERIORES;5L;46.61;
8/01/2025;1;127.12;FARO DELANTERO;MITSHUBISI L200;127.12;
9/01/2025;1;161.02;PARACHOQUE DELANTERO GRAND I10 2017;HYUNDAY;161.02;
9/01/2025;1;110.17;REJILLA;HYUNDAY;110.17;
9/01/2025;1;228.81;RADIADOR;HYUNDAY;228.81;
9/01/2025;1;46.61;FARO POSTERIOR;N300;46.61;
10/01/2025;2;67.8;FARO DELANTERO;HYUNDAI ACCENT;135.6;
10/01/2025;2;16.95;DIRECCIONAL;HYUNDAI ACCENT;33.9;
15/01/2025;2;152.54;FARO POSTERIOR;KIA RIO;305.08;
15/01/2025;2;152.54;GUARDAFANGO;TOYOTA PROBOX;305.08;
15/01/2025;1;50.85;REJILLA;TOYOTA PROBOX;50.85;
15/01/2025;1;16.95;CACHITO;TOYOTA PROBOX;16.95;
15/01/2025;2;135.59;FARO DELANTERO;TOYOTA PROBOX;271.18;
15/01/2025;2;33.9;FARO POSTERIOR;DAMAS;67.8;
16/01/2025;1;101.69;PARACHOQUE DELANTERO;DAMAS;101.69;
16/01/2025;1;135.59;BRACKET POSTERIOR;NISSAN TIDA;135.59;
16/01/2025;1;42.37;BRACKET POSTERIOR;NISSAN TIDA;42.37;
16/01/2025;1;118.64;MµSCARA;SUZUKI SWIT;118.64;
16/01/2025;2;38.14;MANDILES DELANTEROS;SUZUKI SWIT;76.28;
16/01/2025;2;25.42;MANDILES POSTERIORES;SUZUKI SWIT;50.84;
16/01/2025;1;156.78;RADIADOR;HYUNDAI ELANTRA;156.78;
16/01/2025;1;55.08;MANDIL LLANTA;HYUNDAI ELANTRA;55.08;
16/01/2025;1;101.69;MANDIL DE MOTOR;HYUNDAI ELANTRA;101.69;
17/01/2025;1;93.22;PARACHOQUE DELANTERO;N300;93.22;
18/01/2025;1;110.17;PARACHOQUE DELANTERO;MITSHUBISI LIBERO;110.17;
18/01/2025;1;296.61;PARACHOQUE;CHERRY TIGO PRO;296.61;
18/01/2025;1;67.8;GUIA DE PARACHOQUE;CHERRY TIGO PRO;67.8;
18/01/2025;1;423.73;FARO DELANTERO;TOYOTA HILUX;423.73;
18/01/2025;1;237.29;PARACHOQUE DELANTERO;SUZUKI CIAZ;237.29;
18/01/2025;1;322.03;FARO DELANTERO;SUZUKI CIAZ;322.03;
18/01/2025;1;177.97;RADIADOR;HYUNDAI ELANTRA;177.97;
18/01/2025;1;211.86;CONDENSADOR;KIA SPORTAGE;211.86;
18/01/2025;1;228.81;RADIADOR;SUZUKI;228.81;
20/01/2025;1;127.12;PARACHOQUE DELANTERO;HYUNDAI ACCENT;127.12;
20/01/2025;1;59.32;MµSCARA;HYUNDAI ACCENT;59.32;
20/01/2025;1;33.9;REJILLA;HYUNDAI ACCENT;33.9;
20/01/2025;1;288.14;FARO DELANTERO;HYUNDAI ACCENT;288.14;
20/01/2025;1;101.69;DUCTO DE AIRE;HYUNDAI ACCENT;101.69;
20/01/2025;1;118.64;RESONADOR;HYUNDAI ACCENT;118.64;
20/01/2025;1;59.32;COBERTOR DE CHAPA;HYUNDAI ACCENT;59.32;
20/01/2025;1;186.44;CONDENSADOR DE AIRE ACONDICIONADO;HYUNDAI ACCENT;186.44;
21/01/2025;1;254.24;FARO POSTERIOR ORIGINAL;HILLUX REVO;254.24;
22/01/2025;1;80.51;MANDILES;TOYOTA COROLLA;80.51;
22/01/2025;2;110.17;FAROS DELANTERO;NISSAN B14;220.34;
22/01/2025;2;29.66;DIRECCIONALES;NISSAN B15;59.32;
22/01/2025;1;127.12;RADIADOR;TD;127.12;
26/01/2025;2;93.22;FAROS DELANTEROS;HYUNDAI STAREX;186.44;
26/01/2025;2;33.9;DIRECCIONAL;HYUNDAI STAREX;67.8;
26/01/2025;1;169.49;FARO DELANTERO;NISSAN VERSA;169.49;
26/01/2025;1;144.07;PARACHOQUE;NISSAN VERSA;144.07;
26/01/2025;1;118.64;MANDIL;NISSAN VERSA;118.64;
31/01/2025;8;29.66;FARO POSTERIOR;SUZUKI SWIT;237.28;
31/01/2025;6;14.83;DIRECCIONAL;SUZUKI SWIT;88.98;
31/01/2025;6;11.86;FARITO DE PARACHOQUE;SUZUKI SWIT;71.16;
31/01/2025;3;72.03;ESPEJO DE COROLLA;SUZUKI SWIT;216.09;
1/02/2025;1;254.24;PARACHOQUE POSTERIOR;TOYOTA HILUX;254.24;
2/02/2025;2;25.42;MANDILES DE LLANTA;TOYOTA PROBOX;50.84;
3/02/2025;1;203.39;FARO DELANTERO;HYUNDAI ACCENT;203.39;
4/02/2025;1;177.97;PARACHOQUE DELANTERO;HYUNDAI ACCENT;177.97;
5/02/2025;2;84.75;VENTILADOR;TOYOTA;169.5;
6/02/2025;1;152.54;VENTILADOR;NISSAN;152.54;
6/02/2025;1;542.37;CAPOT;KIA SOLUTO;542.37;
6/02/2025;1;186.44;FRONTAL;KIA SOLUTO;186.44;
6/02/2025;1;177.97;PARACHOQUE DELANTERO;KIA SOLUTO;177.97;
6/02/2025;2;203.39;FAROS DELANTERO;KIA SOLUTO;406.78;
6/02/2025;1;135.59;MASCARA;KIA SOLUTO;135.59;
6/02/2025;1;135.59;PORTA FILTRO;KIA SOLUTO;135.59;
13/02/2025;1;127.12;PARACHOQUE DELANTERO;HYUNDAI ACCENT;127.12;
13/02/2025;2;118.64;FAROS DELANTERO;HYUNDAI ACCENT;237.28;
13/02/2025;1;84.75;FARO POSTERIOR;HYUNDAI ACCENT;84.75;
13/02/2025;2;16.95;BRACKET;HYUNDAI ACCENT;33.9;
13/02/2025;2;29.66;MANDIL DE LLANTA;HYUNDAI ACCENT;59.32;
13/02/2025;1;16.95;TAPA DE REMOLQUE;HYUNDAI ACCENT;16.95;
14/02/2025;1;21.19;PLUMILLAS;KAVTO;21.19;
15/02/2025;1;25.42;FARITO DE GUARDAFANGO;TOYOTA COROLLA;25.42;
15/02/2025;1;245.76;CAPOT;NISSAN SENTRA;245.76;
15/02/2025;2;93.22;GUARDAFANGO;NISSAN SENTRA;186.44;
15/02/2025;2;55.08;FARO DELANTERO;NISSAN SENTRA;110.16;
15/02/2025;2;16.95;DIRECCIONAL;NISSAN SENTRA;33.9;
15/02/2025;2;16.95;BIGOTE;NISSAN SENTRA;33.9;
15/02/2025;1;93.22;ESPEJOS;NISSAN SENTRA;93.22;
15/02/2025;1;76.27;PARACHOQUE POSTERIOR;NISSAN SENTRA;76.27;
15/02/2025;1;72.03;PARACHOQUE DELANTERO;NISSAN SENTRA;72.03;
16/02/2025;1;16.95;BRACKET DELANTERO;HYUNDAI ACCENT;16.95;
17/02/2025;1;16.95;BRACKET DELANTERA;HYUNDAI ACCENT;16.95;
18/02/2025;2;25.42;MANDIL LLANTA;HYUNDAI ACCENT;50.84;
19/02/2025;1;156.78;VENTILADOR;NISSAN;156.78;
20/02/2025;1;84.75;PARACHOQUE DELANTERO;N300;84.75;
21/02/2025;1;42.37;FARO POSTERIOR;N300;42.37;
22/02/2025;2;194.92;FARO DELANTERO;TOYOTA HILUX;389.84;
22/02/2025;1;194.92;FENDERS;TOYOTA HILUX;194.92;
22/02/2025;1;127.12;PARACHOQUE DELANTERO;TOYOTA HILUX;127.12;
22/02/2025;1;118.64;MµSCARA;TOYOTA HILUX;118.64;
22/02/2025;1;152.54;ESPEJOS;TOYOTA HILUX;152.54;
22/02/2025;1;16.95;SAPITO;TOYOTA HILUX;16.95;
22/02/2025;1;30.51;LETRA 3.0;TOYOTA HILUX;30.51;
22/02/2025;1;50.85;FARO POSTERIOR;TOYOTA HILUX;50.85;
22/02/2025;2;29.66;MANDILES;TOYOTA HILUX;59.32;
22/02/2025;1;118.64;KIT DE NEBLINERO;TOYOTA HILUX;118.64;
22/02/2025;1;33.9;EMBLEMA TOYOTA;TOYOTA HILUX;33.9;
22/02/2025;1;25.42;LETRA TOYOTA;TOYOTA HILUX;25.42;
22/02/2025;1;25.42;LETRA HILUX;TOYOTA HILUX;25.42;
22/02/2025;1;16.95;LETRA SRV;TOYOTA HILUX;16.95;
22/02/2025;1;20.51;LETRASA DYD;TOYOTA HILUX;20.51;
22/02/2025;1;118.64;SOPORTE DE PARACHOQUE;KIA PICANTO;118.64;
22/02/2025;2;237.29;FARO DELANTERO;JACK;474.58;
22/02/2025;1;42.37;FARO DELANTERO;TOYOTA COROLLA;42.37;
22/02/2025;2;16.95;DIRECCIONAL;TOYOTA COROLLA;33.9;
22/02/2025;1;11.02;FOCO;FC;11.02;
22/02/2025;1;6.78;LAGRIMA;LG;6.78;
27/02/2025;1;101.69;FARO;HYUNDAI H1;101.69;
29/02/2025;1;177.97;PARACHOQUE DELANTERO;KIA RIO;177.97;
1/03/2025;1;59.32;MANDILES;HYUNDAI ELANTRA;59.32;
1/03/2025;1;118.64;RESONADOR;HYUNDAI ELANTRA;118.64;
3/03/2025;1;33.9;CLAXON;KAVTO;33.9;
4/03/2025;1;67.8;PARACHOQUE;NISSAN;67.8;
5/03/2025;1;244.07;FAROS Y PARACHOQUES;NISSAN;244.07;
6/03/2025;1;152.54;PARACHOQUE;VOOLEX;152.54;
6/03/2025;1;152.54;FARO;VOOLEX;152.54;
8/03/2025;2;8.47;FOCO H1;FC;16.94;
9/03/2025;2;12.71;FOCO H7;FC;25.42;
10/03/2025;1;211.86;RADIADOR;NISSAN;211.86;
11/03/2025;1;156.78;REPUESTOS;TOYOTA HILUX;156.78;
11/03/2025;1;144.07;PARACHOQUE POSTERIOR;NISSAN TERCEL;144.07;
11/03/2025;1;59.32;MASCARA;NISSAN TERCEL;59.32;
11/03/2025;1;220.34;GUARDAFANGO;NISSAN TERCEL;220.34;
11/03/2025;1;101.69;MANIJAS;NISSAN TERCEL;101.69;
11/03/2025;1;118.64;FARO DELANTERO;FANFAINER;118.64;
11/03/2025;1;220.34;TRAPECIO DERECHO;GLORY 500;220.34;
12/03/2025;1;93.22;PARACHOQUE POSTERIOR;N300;93.22;
12/03/2025;1;67.8;MANDIL DE MOTOR;TOYOTA YARIS;67.8;
13/03/2025;2;25.42;MANDIL DE LLANTA;TOYOTA YARIS;50.84;
14/03/2025;2;21.19;MANDIL POSTERIOR;TOYOTA YARIS;42.38;
15/03/2025;2;131.36;FAROS DELANTEROS;FD;262.72;
15/03/2025;1;55.08;SIRENA PATRULLERO;KAVTO;55.08;
15/03/2025;2;10.59;BISEL DE FARO DELANTERO;AD;21.18;
15/03/2025;1;21.19;MANDIL DE LLANTA;TOYOTA;21.19;
15/03/2025;1;127.12;PARACHOQUE DELANTERO;HYUNDAI ELANTRA;127.12;
16/03/2025;1;80.51;FARO DELANTERO;PREMIUN;80.51;
17/03/2025;1;33.9;DIRECCIONAL;PREMIUN;33.9;
17/03/2025;1;322.03;CAPOT;TOYOTA HILUX;322.03;
17/03/2025;1;127.12;PARACHOQUE DELANTERO;TOYOTA HILUX;127.12;
17/03/2025;2;203.39;FAROS DELANTEROS;TOYOTA HILUX;406.78;
17/03/2025;1;127.12;MASCARA;TOYOTA HILUX;127.12;
17/03/2025;2;118.64;GUARDAFANGOS;TOYOTA HILUX;237.28;
17/03/2025;2;118.64;FAROS POSTERIORES;TOYOTA HILUX;237.28;
17/03/2025;2;21.19;BRACKETS;TOYOTA HILUX;42.38;
17/03/2025;2;42.37;FENDER;TOYOTA HILUX;84.74;
17/03/2025;1;84.75;TURBO;TOYOTA HILUX;84.75;
18/03/2025;1;550.85;PARACHOQUE MODELO EXPOR;MITSHUBISI;550.85;
20/03/2025;1;169.49;PARACHOQUE DELANTERO;NISSAN B16;169.49;
20/03/2025;1;135.59;PARACHOQUE POSTERIOR;NISSAN B16;135.59;
20/03/2025;1;33.9;VISEL CROMADOS;NISSAN B16;33.9;
20/03/2025;1;59.32;FAROS DELANTEROS;NISSAN B16;59.32;
20/03/2025;1;76.27;FARO POSTERIOR;NISSAN B16;76.27;
20/03/2025;1;152.54;VISELES DE FARO COMPLETO;NISSAN B16;152.54;
25/03/2025;2;76.27;FARO POSTERIOR;TOYOTA HILLUX;152.54;
26/03/2025;2;101.69;FARO DELANTERO;BYD F3;203.38;
29/03/2025;12;50.85;FARO DELANTERO TURING;TOYOTA COROLLA;610.2;
29/03/2025;4;40.68;FARO DELANTERO STW;TOYOTA COROLLA;162.72;
29/03/2025;12;14.83;DIRECCIONAL TURING;TOYOTA COROLLA;177.96;
29/03/2025;12;27.97;FARO POSTERIOR STW;TOYOTA COROLLA;335.64;
29/03/2025;4;57.63;PARACHOQUE DELANTERO;TOYOTA COROLLA;230.52;
