Fecha;C¢digo de Producto;Categor°a;Cantidad;Precio Unitario
6/01/2024;nissan ad;faros posterior;2;59
6/01/2024;nissan ad;focos;1;7.63
7/01/2024;yaris 2014;parachoque delantero;1;186
7/01/2024;yaris 2014;kit de neblinero;1;118
7/01/2024;yaris 2014;brackets;1;38.14
8/01/2024;nissan sentra ;faros delanteros ;1;182
8/01/2024;nissan ad ;soporte preparado;2;29
11/01/2024;hyundai porter ;faro posterior ;2;55
11/01/2024;hyundai porter ;faro led ;2;50.85
11/01/2024;hyundai porter ;faro led alteral ;8;6.36
11/01/2024;hyundai porter ;faro cuadrdos led ;1;118
12/01/2024;hyundai 2010;mascara delantera ;1;169
12/01/2024;nissan frontier ;faro delantero ;2;118
12/01/2024;nissan frontier ;parachoque delantero;1;161
12/01/2024;nissan frontier ;mascara delantera ;1;93.22
12/01/2024;nissan frontier ;faros posteriores;2;63.56
12/01/2024;nissan frontier ;mandiles ;2;50.83
12/01/2024;nissan frontier ;mandiles ;1;55.03
12/01/2024;nissan frontier ;foco narva;1;42.37
12/01/2024;nissan frontier ;foscos led posterior ;1;33.05
15/01/2024;no detalla ;soporte seg£n la muestra ;2;38.14
15/01/2024;no detalla ;soportes peque§os ;4;29.66
15/01/2024;no detalla ;tapa de gasolina ;1;16.95
18/01/2024;toyota corolla;capot;1;254.24
18/01/2024;toyota corolla;faros delanteros ;2;84.75
18/01/2024;toyota corolla;direccionales;2;29.66
18/01/2024;toyota corolla;direccional de parachoque;2;23.31
18/01/2024;toyota corolla;mascara delantera ;1;21.19
18/01/2024;toyota hilux;faro delantero;1;203.39
18/01/2024;toyota hilux;faros posterior;2;59.32
18/01/2024;toyota hilux  ;parachouqe delantero;1;127.12
18/01/2024;toyota hilux;mascara delantera ;1;127.12
18/01/2024;toyota hilux  ;espejos;2;105.93
18/01/2024;toyota hilux  ;parachoque posterior ;1;237
18/01/2024;toyota hilux  ;mandil de guardafango ;3;29.66
19/01/2024;nissan revo ;faro posterior ;1;169.49
24/01/2024;no detalla ;faro lateral de ;4;16.95
26/01/2024;nissan ad ;faros posterior;2;14.84
26/01/2024;nissan ad;vicel de faro;1;18.64
26/01/2024;nissan ad ;plumilla ;1;9.32
26/01/2024;kia rio ;brackets;2;25.42
28/01/2024;no detalla ;claxon de aire ;1;42.37
2/02/2024;honda ;parachoque delantero;1;169
2/02/2024;honda ;parachoque posterior ;1;152
2/02/2024;toyota hilux  ;faro posterior ;1;50
2/02/2024;chevrolet n300;faro posterior ;1;80.51
2/02/2024;chevrolet n300;faro lateral ;1;15.28
2/02/2024;kia picanto ;parachoque delantero ;1;203.39
2/02/2024;kia picanto ;mandil de guardafango ;2;50.85
2/02/2024;toyota corolla ;bocina de colla ;2;46.61
5/02/2024;no detalla ;accesorios ;1;76.26
6/02/2024;nissan revo ;faro posterior original derecho ;1;228.81
6/02/2024;nissan revo ;faro posterior original izquierdo ;1;228.81
7/02/2024;toyota hilux  ;faros posterior;1;101.69
7/02/2024;toyota hilux;kit de neblineros;1;118.64
7/02/2024;toyota hilux;mandil de llanta ;1;80.5
7/02/2024;toyota corolla;direccional de parachoque;1;50.85
8/02/2024;nissan sentra ;parachoque delantero;1;67.8
8/02/2024;nissan sentra ;faro posterior ;1;50.85
15/02/2024;no detalla ;soporte vulcanizado ;1;110
15/02/2024;hyundai accent;parachoque ;1;93.22
15/02/2024;hyundai accent;portafiltro;1;110.17
15/02/2024;foco;h4;10;7.2
15/02/2024;foco;2c;10;0.68
15/02/2024;foco;lagrima;10;0.68
15/02/2024;foco;1c ambar;10;1.27
15/02/2024;hyundai accent;parachoque delantero ;1;93.22
15/02/2024;hyundai accent;parachoque posterior ;1;118.64
15/02/2024;hyundai accent;mandil;1;29.66
15/02/2024;toyota corolla ;faro post;1;25.42
20/02/2024;foco ;lagrima narva ;1;8.47
23/02/2024;combi 5l;faro delantero;1;466.1
27/02/2024;nissan v16;parachoque delantero;1;67.8
27/02/2024;nissan v16;faros posteriore ;2;46.61
27/02/2024;nissan v16;mascara delantera ;1;42.37
27/02/2024;nissan v16;direccionales ;1;38
27/02/2024;kia soluto ;parachoque delantero;1;169
27/02/2024;toyota avanza ;faro posterior ;1;269.71
28/02/2024;hyundai sonata ;faros delanteros ;2;127
28/02/2024;kia rio 2016;mandiles ;2;29.66
28/02/2024;nissan v16;faros delanteros ;2;118.64
28/02/2024;nissan frontier ;capot;1;347.46
28/02/2024;nissan frontier ;radiador;1;211
28/02/2024;nissan frontier ;faro delantero ;2;93.22
28/02/2024;nissan frontier ;mascara delantera ;1;84.75
28/02/2024;nissan frontier ;parachoque delantero;1;135.59
28/02/2024;toyota corolla ;accesorios ;1;462.61
5/03/2024;suzuki ertiga;faro delantero ;1;697.97
5/03/2024;suzuki ertiga;braket;1;59.32
6/03/2024;foco;h4 led;1;118.64
7/03/2024;nissan v16;faro delantero;2;59.32
7/03/2024;nissan v16;parachoques;2;67.8
7/03/2024;nissan v16 ;capot;1;237.27
7/03/2024;nissan v16;direccional ;1;38.14
7/03/2024;nissan v16 ;faro posterior;1;46.61
8/03/2024;hyundai tucson ;mandil de guardafango ;2;101.69
8/03/2024;gp;grampas de mandil 36;1;7.63
8/03/2024;focos ;narva ;1;15.25
8/03/2024;hyundai H1;Faro Delantero;2;161.02
8/03/2024;hyundai H1;Faro Posterior;1;101.69
8/03/2024;kia RIO;Parachoque Delantero;1;144.07
8/03/2024;kia RIO;Faros Delanteros;2;101.69
8/03/2024;kia RIO;M†scara;1;67.8
8/03/2024;mitshubisi l200;kit neblinero;1;144.07
8/03/2024;toyota altis ;faro posterior ;1;127.12
8/03/2024;suzuki apv ;bracket;1;21.19
9/03/2024;toyota yaris;faro;1;296.61
11/03/2024;toyota yaris ;parachoque delantero;1;127.12
11/03/2024;H75;faro delantero;2;194.92
11/03/2024;H75;faros posteriores;2;55.8
11/03/2024;HD;foco de faro posterior ;6;2.54
11/03/2024;nissan tida;faro delantero;1;254.24
11/03/2024;nissan tida;parachoque delantero;1;169.49
11/03/2024;nissan tida ;mascara delantera ;1;152.54
11/03/2024;nissan tida;mandil;1;33.9
11/03/2024;nissan tida;tapa de neblinero;1;33.9
11/03/2024;nissan tida ;grampas de parachoque ;1;14.41
13/03/2024;H4;foco hd led;1;152.54
13/03/2024;hyundai I10;parachoque frontal ;1;169.49
13/03/2024;chevrolet n400;parachoque delantero;1;152.54
15/03/2024;hyundai i20;mandil;1;84.75
16/03/2024;FD;faro neblinero;2;58
16/03/2024;sonata;sonata faro delantero;1;135.59
16/03/2024;sonata ;parachoque delantero;1;127.12
19/03/2024;toyota corolla ;faros delanteros ;2;127.12
19/03/2024;toyota corolla ;faros posteriores ;2;63.56
19/03/2024;toyota corolla ;faro de maletera ;2;33.9
19/03/2024;toyota corolla ;focos lagrima ;2;8.47
19/03/2024;toyota corolla ;focos lagrima ;2;2.54
19/03/2024;toyota corolla ;focos 9005;2;21.19
19/03/2024;toyota corolla;foco direccional;1;5.8
19/03/2024;toyota corolla ;brackets;2;21.19
19/03/2024;toyota corolla ;brackets;1;25.42
22/03/2024;toyota  hilux  ;PARACHOQUE DELANTERO;1;135
22/03/2024;toyota  hilux;MANDILES;2;33.9
22/03/2024;toyota  hilux;FENDER;1;42.37
22/03/2024;kia rio;parachoque delantero;1;186.44
22/03/2024;kia rio ;guardafango;1;135
23/03/2024;k2700;faro delantero;1;135
25/03/2024;cx;claxon corneta ;1;84.75
26/03/2024;chevrolet n300;radiador;1;161.2
26/03/2024;nissan tida ;accesorios ;1;1067.8
26/03/2024;nissan ad ;guardafango;1;190.68
26/03/2024;nissan ad;faro delantero;1;55.8
26/03/2024;nissan ad ;direccional ;1;16.95
27/03/2024;toyota hilux ;accesorios ;1;923
27/03/2024;toyota rav4;parachoque delantero ;1;186.44
27/03/2024;nissan ad ;parachoque delantero;2;169
27/03/2024;nissan ad ;parachoque delantero ;1;152.54
27/03/2024;nissan ad ;parachoque posterior;1;161
27/03/2024;nissan ad;faros posteriores;2;76.27
27/03/2024; nissan ad ;direccional;2;12.71
28/03/2024;fd;foco y sokate ;1;22.3
31/03/2024;acs ;accesorios ;1;813
1/04/2024;nissan ad ;soporte de motor ;2;38.14
1/04/2024;nissan ad ;soporte de caja ;2;29
4/04/2024;kia rio;parachoque delantero;1;254.24
4/04/2024;kia rio ;tapa de neblinero;1;67.8
4/04/2024;nissan sentra ;radiador;1;144.7
5/04/2024;kia rio ;ventilador ;1;105
6/04/2024;combi 5l;faro delantero;1;271
6/04/2024;combi 5l;mascara delantera ;1;186
6/04/2024;combi 5l;guardafango;1;50
6/04/2024;no detalla ;parachoque delantero ;1;216
6/04/2024;nissan ad ;faros delanteros ;2;67.8
6/04/2024;nissan ad ;faros delanteros ;2;50.85
6/04/2024;nissan ad ;direccionales ;1;33.9
6/04/2024;nissan ad ;pesta§as ;1;25.42
6/04/2024;nissan ad ;direccional california ;1;42.37
6/04/2024;nissan ad ;amortiguador ;1;50.82
9/04/2024;kia rio;tapa;1;67.8
9/04/2024;kia rio;ta neblinero;1;67.8
12/04/2024;nissan sentra ;guardafango;1;93.22
12/04/2024;nissan sentra ;parachoque delantero;1;67.8
12/04/2024;nissan sentra ;faro delantero ;1;59.32
12/04/2024;nissan sentra ;direccional;1;16.95
13/04/2024;kia rio ;soporte del motor ;1;45
13/04/2024;kia rio;mascara frontal ;1;186.44
13/04/2024;kia rio;parachoque delantero;1;144
13/04/2024;kia rio ;faro delantero ;1;118
14/04/2024;chevrolet n300;parachoque delantero;1;93.22
16/04/2024;hyundai elantra ;parachoque delantero;1;203
16/04/2024;hyundai elantra ;mascara delantera ;1;152
16/04/2024;toyota hilux ;faro posterior ;1;84.75
19/04/2024;nissan ad ;ventilador ;1;144
19/04/2024;kia picanto ;capot;1;423
19/04/2024;kia picanto ;faros delanteros;2;228
19/04/2024;kia picanto ;parachoque delantero;1;177
19/04/2024;kia picanto ;guardafango;2;152
19/04/2024;kia picanto ;mascara frontal ;1;228
20/04/2024;foton;parachoque delantero;1;144
20/04/2024;foton;mascara ;1;192
20/04/2024;foton ;faro posterior;1;59
20/04/2024;chevrolet prisma ;capot ;1;423
20/04/2024;chevrolet prisma ;parachoque delantero;1;296
21/04/2024;cl;claxon platillo ;1;16.95
22/04/2024;AAA;neblinero;1;84
24/04/2024;kia rio ;soporte del motor ;1;45
24/04/2024;nissan ad ;ventilador ;1;127
26/04/2024;KAVTO;FARO NEBLINERO;1;105
26/04/2024;KAVTO;CIRCULINA DOS FUNCIONES;2;76.27
26/04/2024;45 LED;FOCOS;1;12.71
26/04/2024;9 LED;FOCOS;2;8.47
26/04/2024;KAVTO;BASE DE FOCO;4;5.68
26/04/2024;CB;CABLE ROJO METROS;10;2.54
26/04/2024;CB;CABLE NEGRO METROS;10;2.54
26/04/2024;LD;LUZ COLORES;9;2.29
26/04/2024;CB;FARO POSTERIOR;2;33.9
27/04/2024;nissan ad ;claxon;1;16.95
29/04/2024;nissan b14;faro de remolque ;2;110
29/04/2024;kia rio ;guardafango;2;131
30/04/2024;nissan tida ;frao delantero ;1;186
1/05/2024;nissan ad ;radiador ;1;161.2
1/05/2024;nissan ad ;base de ventilador ;1;50.85
2/05/2024;toyota yaris;parachoque;1;110
2/05/2024;toyota yaris ;brackets delantero;2;14.82
2/05/2024;toyota yaris ;faros ;2;84.75
2/05/2024;toyota yaris ;mandiles ;2;25.42
2/05/2024;toyota yaris ;mandiles posteriores;2;25.42
2/05/2024;toyota yaris ;brackets;1;25.42
2/05/2024;k2700;espejo ;1;152.54
3/05/2024;toyota hilux ;parachoque posterior ;1;254
3/05/2024;toyota hilux ;lkilt cromado;1;364
3/05/2024;no detalla ;tapa de gasolina con llave ;1;21.19
4/05/2024;toyota yaris ;faro delantero;1;152.54
4/05/2024;toyota yaris ;mascara delantera ;1;46.61
4/05/2024;suzuki grand nomade ;faro delantero ;1;305
7/05/2024;mitshubisi l200;guardafango;1;177
7/05/2024;mitshubisi l200;faro;1;118
7/05/2024;mitshubisi l200;espejo;1;93.22
7/05/2024;hyundai accent;ventilador ;1;101
7/05/2024;suzuki;parachoque delantero;1;296
7/05/2024;suzuki ;guardafango;1;186
10/05/2024;no detalla ;foco base;14;4.97
14/05/2024;hyundai accent;faro delantero;2;127
14/05/2024;hyundai accent;parachoque;1;135
14/05/2024;hyundai accent;porta chapa ;1;50.85
16/05/2024;glory;radiador;1;165
18/05/2024;nissan frontier ;parachoque ;1;165.25
18/05/2024;toyota corolla ;mandil ;1;29.66
18/05/2024;narva ;foco 881;1;16.95
20/05/2024;foton aumarark;parabrisa ;1;350
21/05/2024;no detalla ;neblinero;1;38.14
22/05/2024;toyota probox;faro delantero;2;131
22/05/2024;toyota probox;espejo;1;50.85
22/05/2024;no detalla ;soporte vulcanizado ;2;42.37
24/05/2024;nissan versa ;faro delantero;1;364.41
24/05/2024;nissan versa ;kits neblinero;2;127
24/05/2024;nissan versa ;mascara ;1;152
24/05/2024;nissan versa ;mandil ;1;33.9
24/05/2024;toyota corolla ;faros delanteros ;2;59.32
24/05/2024;toyota corolla ;direccionales ;2;25.42
25/05/2024;nissan versa ;parachoque delantero;1;144.7
25/05/2024;nissan versa ;mandil ;1;33.9
25/05/2024;kia rio;capot;1;423.73
25/05/2024;kia rio ;parachoque delantero;1;186
25/05/2024;kia rio;mascara ;1;135
25/05/2024;kia rio;porta placa ;1;84.75
25/05/2024;kia rio ;brackets;1;50.85
27/05/2024;custon ;parachoque delantero;1;118
27/05/2024;custon ;mascara ;1;84.75
27/05/2024;custon ;direccionales ;2;29.66
27/05/2024;custon ;faro posterior ;2;33.9
27/05/2024;custon ;plumilla ;1;15.25
27/05/2024;mitshubisi l200;parachoque delantero;1;110.17
27/05/2024;mitshubisi l200;neblinero;1;127.12
27/05/2024;hyundai accent;mandiles ;3;25.42
27/05/2024;kavto;neblineros cromados;4;33.9
27/05/2024;no detalla ;foco alojeno;1;12.71
27/05/2024;no detalla ;foco alojeno h1;1;6.78
28/05/2024;no detalla ;circulina dos funciones;1;74
28/05/2024;nissan frontier ;faro delantero;2;203
28/05/2024;nissan frontier ;parachoque delantero;1;144
28/05/2024;nissan frontier ;guardafango;1;169
28/05/2024;no detalla ;focos h4 ;2;12.71
28/05/2024;no detalla ;focos led lh ;1;16.95
29/05/2024;toyota hilux;direccionales ;2;33.9
29/05/2024;toyota hilux;chapa de puerta ;2;16.9
29/05/2024;toyota hilux;neblineros ;2;46.61
29/05/2024;toyota hilux;sube lunas ;4;3.81
29/05/2024;toyota hilux;mascara ;1;127.12
29/05/2024;toyota hilux;faros ;2;29.66
29/05/2024;toyota hilux;manijas ;4;11.82
29/05/2024;toyota hilux;mandiles ;2;36.02
29/05/2024;toyota hilux;juego de tapa barro ;1;72.03
29/05/2024;toyota hilux;direccional de parachoque ;2;23.37
29/05/2024;toyota hilux;visagras de capot;1;42.37
29/05/2024;toyota hilux;faro posterior ;2;38.14
29/05/2024;kia rio;radiador;1;211
29/05/2024;kia rio ;mascara ;1;152
30/05/2024;toyota corolla ;mascara ;1;38.14
30/05/2024;kia rio;reflector ;1;169.49
30/05/2024;kia rio ;seguro de espejo ;1;42.37
30/05/2024;nissan ad ;radiador;1;161
30/05/2024;nissan ad ;manguera ;2;14.83
30/05/2024;nissan ad ;abrazadera ;4;2.12
30/05/2024;nissan ad ;refrigerante;2;21.19
1/06/2024;LED;FARO PIRATA LED;4;33.9
1/06/2024;NISSAN FRONTIER;MASCARA;1;127.12
1/06/2024;NISSAN FRONTIER;LOGOTIPO;1;25.42
2/06/2024;NISSAN;RADIADOR;1;152.54
2/06/2024;KIA RIO ;VENTILADOR;1;152.54
2/06/2024;WINGLE 3;LUNA POSTERIOR;1;350
3/06/2024;NISSAN VERSA;FAROS;2;93.22
3/06/2024;NISSAN VERSA;PARA CHOQUE EN TAIWAN;1;186.44
3/06/2024;NISSAN VERSA;PARA CHOQUE EN TAIWAN;1;186.44
3/06/2024;NISSAN VERSA;KIT DE NEBLINEROS;1;127.12
4/06/2024;TOYOTA YARIS;PARA CHOQUE POSTERIOR;1;127.12
4/06/2024;N300;PARA CHOQUE POSTERIOR;1;110.17
4/06/2024;TOYOTA HILUX;FENDER;1;42.37
4/06/2024;LD;FOCO;1;2.54
5/06/2024;HYUNDAI H1;FRONTAL;1;381.36
5/06/2024;HYUNDAI H1;FARO DELANTERO;1;152.54
5/06/2024;HYUNDAI H1;PARA CHOQUE DELANTERO;1;152.54
5/06/2024;HYUNDAI H1;FOCO H7;1;10.17
6/06/2024;HYUNDAI H1;FOCO;1;10.17
6/06/2024;KAVTO;LAGRIMA;1;1.27
7/06/2024;HYUNDAI H1;BRACKETS;2;25.42
7/06/2024;KAVTO;FOCO;1;2.54
7/06/2024;HYUNDAI H1;PARA CHOQUE POSTERIOR;1;152.54
8/06/2024;FIERRA;DIRECCIONALES;2;25.42
9/06/2024;NISSAN B16;CAPOT;1;271.19
10/06/2024;NISSAN B17;PARA CHOQUE;1;76.27
11/06/2024;NISSAN B18;GUARDA FANGO;1;93.22
12/06/2024;NISSAN B19;FARO DELANTERO;2;55.08
12/06/2024;NISSAN B20;DIRECCIONAL;1;16.95
12/06/2024;NISSAN B21;VISEL;1;16.95
12/06/2024;AVEO;VENTILADOR;1;169.49
13/06/2024;KIA RIO;PARA CHOQUE DELANTERO;1;194.92
13/06/2024;KIA RIO;GUARDA FANGO;1;144.07
13/06/2024;KIA RIO;FARO DELANTERO;1;144.07
13/06/2024;KIA RIO;PORTA FILTRO;1;135.59
14/06/2024;KIA RIO;MANDIL DE LLANTA;1;25.42
15/06/2024;FD;FOCO;1;186.44
15/06/2024;FH;FOCO;1;186.44
15/06/2024;FRONTIER;FARO DELANTERO;2;110.17
15/06/2024;SET;JUEGOS DE PLUMILLAS;2;16.95
16/06/2024;TOYOTA PROBOX;FARO POSTERIOR;2;50.85
16/06/2024;TOYOTA PROBOX;MANDIL;2;25.42
16/06/2024;KIA RIO;PORTA CHAPA;1;211.86
16/06/2024;NISSAN B12;FARO DELANTERO;2;110.17
17/06/2024;B12;DIRECCIONALES;2;25.42
18/06/2024;CHEVROLET SAIL;FARO DELANTERO;2;97.46
19/06/2024;CHEVROLET SAIL;FARO POSTERIOR;2;67.8
19/06/2024;CHEVROLET SAIL;PARA CHOQUE DELANTERO;1;93.22
19/06/2024;CHEVROLET SAIL;PARA CHOQUE POSTERIOR;1;118.64
19/06/2024;CHEVROLET SAIL;ESPEJO;1;101.69
20/06/2024;CHEVROLET SAIL;MALETERA;1;406.78
21/06/2024;SUZUKI GRAND NOMADE;FARO POSTERIOR;3;161.02
21/06/2024;CHEVROLET SAIL;FARO POSTERIOR;1;67.8
21/06/2024;CHEVROLET SAIL;KIT DE NEBLINERO;1;127.12
22/06/2024;TOYOTA ETIOS;PARA CHOQUE DELANTERO;1;152.54
23/06/2024;TOYOTA ETIOS;FARO POSTERIOR;1;135.59
24/06/2024;NISSAN;RADIADOR;1;228.81
24/06/2024;SP;SOPORTE;3;33.9
24/06/2024;5L;PARACHOQUE DELANTERO;1;177.97
24/06/2024;HYUNDAI H100;PARA CHOQUE DELANTERO;1;152.54
24/06/2024;NAVARA;FARO POSTERIOR;2;127.12
24/06/2024;KIA RIO ;MANDIL DE MOTOR;1;118.64
25/06/2024;KIA RIO ;MANIJA DE PUERTA;1;33.9
26/06/2024;KIA RIO ;PARACHOQUE DELANTERO;1;169.49
27/06/2024;TOYOTA YARIS;PARA CHOQUE DELANTERO;1;110.17
27/06/2024;TOYOTA YARIS;MASCARA;1;50.85
27/06/2024;TOYOTA YARIS;CROMOS;1;42.37
28/06/2024;TOYOTA YARIS;GUARDA FANGOS;1;177.97
29/06/2024;TOYOTA YARIS;TAPAS;1;33.9
29/06/2024;TOYOTA YARIS;ESPEJOS;2;101.69
29/06/2024;TOYOTA YARIS;BRACKETS;1;29.66
30/06/2024;TOYOTA HILUX;PARA CHOQUE DELANTERO;1;135.59
30/06/2024;TOYOTA HILUX;FARO DELANTERO;1;203.39
30/06/2024;TOYOTA HILUX;GUARDA FANGO;1;118.64
30/06/2024;TOYOTA HILUX;MANDIL;1;29.66
1/07/2024;nissan b12;FARO PIRATA LED;12;33.9
1/07/2024;nissan b13;PARA CHOQUE DELANTERO;1;76.27
1/07/2024;nissan b14;MASCARA;1;42.37
1/07/2024;nissan b15;DIRECCIONAL;1;50.85
2/07/2024;METROPOLITANO;PARA CHOQUE DELANTERO;1;177.97
2/07/2024;K2700;FARO;1;63.56
2/07/2024;KIA RIO;PARA CHOQUE DELANTERO;1;177.97
2/07/2024;KIA RIO;FARO;1;144.07
3/07/2024;HYUNDAI H100;PARA CHOQUE DELANTERO;1;169.49
3/07/2024;HYUNDAI H101;CAPOT;1;194.92
3/07/2024;HYUNDAI H102;TANQUE;1;118.64
3/07/2024;HYUNDAI H103;EMBLEMA;1;50.85
4/07/2024;SUZUKI CELERIO;FAROS DELANTEROS;2;177.97
4/07/2024;FD;ACCESORIOS DE AUTOS;1;1326.27
4/07/2024;TOYOTA HILUX;BRACKETS;1;21.19
4/07/2024;FC;FUSIBLE 10A;1;16.95
5/07/2024;TMO;TERMINALES;1;8.47
5/07/2024;TMH;TERMINALES;1;8.47
5/07/2024;NARVA;LAGRIMA 12V;1;12.71
5/07/2024;NARVA;LAGRIMA;1;13.56
5/07/2024;CB;CABLE 18;10;0.85
6/07/2024;CB;CABLE 16;20;1.19
6/07/2024;CB;CABLE 14;20;1.36
6/07/2024;TOYOTA 2KD;PARACHOQUE DELANTERO;1;169.49
6/07/2024;TOYOTA 2KD;FARA DELANTEROS;2;127.12
6/07/2024;TOYOTA 2KD;CAPOT;1;220.34
6/07/2024;TOYOTA 2KD;MASCARA;1;211.86
6/07/2024;TOYOTA 2KD;GUARDAFANGOS;2;50.85
6/07/2024;TOYOTA 2KD;BRACKET;2;29.66
6/07/2024;TOYOTA 2KD;KIT DE NEBLINERO;1;127.12
6/07/2024;CHEVROLET SAIL;FARO POSTERIOR SAIL;1;228.81
6/07/2024;TOYOTA HILUX;MANIJA;1;63.56
7/07/2024;TOYOTA YARIS;CAPOT;1;271.19
8/07/2024;TOYOTA YARIS;FAROS;2;279.66
9/07/2024;TOYOTA YARIS;PARA CHOQUE;1;203.39
10/07/2024;TOYOTA YARIS;GUARDA FANGO;2;93.22
11/07/2024;TOYOTA YARIS;MANDIL DE LLANTA;2;29.66
11/07/2024;TOYOTA YARIS;MANDIL DE MOTOR;1;76.27
11/07/2024;TOYOTA YARIS;PORTA FILTRO;1;101.69
11/07/2024;SX4;FARO DELANTERO;1;169.49
11/07/2024;KV;FARO REDONDO;1;46.61
11/07/2024;KV;SIRENA DE RETROCESO;1;12.71
11/07/2024;LP;LUZ DE PLACA;1;12.71
11/07/2024;FD;FOCO NARVA;4;2.54
11/07/2024;FD;LAGRIMA FLOSER;6;1.69
11/07/2024;FD;FUSIBLE;6;0.42
11/07/2024;GRACE;FAROS Y DIRECCIONAL;1;381.36
11/07/2024;KIA SPORTAGUE;COMPLEMENTO DE PARA CHOQUE;1;127.12
11/07/2024;KIA SPORTAGUE;GUIA POSTERIOR;1;42.37
11/07/2024;FP;FARO PIRATA LED;12;33.9
11/07/2024;TOYOTA COROLLA;CAPOT;1;313.56
11/07/2024;TOYOTA COROLLA;VISAGRAS;1;33.9
12/07/2024;TOYOTA COROLLA;FOCOS;1;33.9
13/07/2024;TOYOTA COROLLA;SOCATE;1;8.47
14/07/2024;TOYOTA COROLLA;GUARDAFANGO;1;101.31
15/07/2024;TOYOTA COROLLA;PARA CHOQUE DELANTERO;1;101.31
16/07/2024;TOYOTA COROLLA;MASCARA;1;33.9
16/07/2024;TOYOTA COROLLA;FAROS;2;93.22
17/07/2024;TOYOTA COROLLA;DIRECCIONALES;2;29.66
18/07/2024;TOYOTA COROLLA;DIRECCIONAL DE PARA CHOQUE;2;25.42
18/07/2024;TOYOTA COROLLA;DIRECCIONAL DE PARA CHOQUE;2;25.42
18/07/2024;TOYOTA COROLLA;PARA CHOQUE POSTERIOR;1;55.08
18/07/2024;HYUNDAI ACCENT;PARA CHOQUE DELANTERO;1;135.59
18/07/2024;HYUNDAI ACCENT;MANDIL DE MOTOR;1;76.27
18/07/2024;HYUNDAI ACCENT;PROTECTOR DE RADIADOR;1;59.32
18/07/2024;HYUNDAI ACCENT;BRACKETS;1;16.95
19/07/2024;HYUNDAI ACCENT;TAPA DE NEBLINERO;1;21.19
20/07/2024;LD;FARO LATERAL;1;15.25
21/07/2024;CB;CABLE Y FUNDA;1;67.8
22/07/2024;TOYOTA COROLLA;PARA CHOQUE;1;372.88
23/07/2024;TOYOTA COROLLA;PARA CHOQUE DELANTERO;1;55.08
24/07/2024;TOYOTA COROLLA;FARO DELANTERO;1;50.85
25/07/2024;TOYOTA HILUX;ACCESORIOS DE AUTO;1;677.97
1/08/2024;NISSAN VERSA;FAROS;2;169.49
2/08/2024;TOYOTA COROLLA;FARO POSTERIOR;1;135.59
3/08/2024;TOYOTA TURING;FARO DELANTERO;2;50.85
4/08/2024;TOYOTA TURING;CAPOT;1;254.24
4/08/2024;TOYOTA TURING;DIRECCIONAL;2;16.95
4/08/2024;TOYOTA TURING;PARA CHOQUE;1;97.46
4/08/2024;TOYOTA TURING;GUARDA FANGO;2;93.22
4/08/2024;TOYOTA TURING;FARO POSTERIOR;2;33.9
4/08/2024;TOYOTA TURING;MASCARA NEBLINERO;1;88.98
4/08/2024;TOYOTA TURING;EMBLEMA;1;8.47
4/08/2024;TOYOTA TURING;MANDILES;2;16.95
4/08/2024;TOYOTA TURING;FARITO DE PARACHOQUE TAIWAN;2;21.19
6/08/2024;NISSAN LIBERO;CAPOT;1;372.88
6/08/2024;NISSAN LIBERO;GUARDAFANGO;1;144.07
6/08/2024;NISSAN LIBERO;PARA CHOQUE;1;118.64
6/08/2024;NISSAN LIBERO;FARO DELANTERO;2;67.8
6/08/2024;NISSAN LIBERO;DIRECCIONALES;2;38.14
6/08/2024;NISSAN LIBERO;MASCARA;1;59.32
7/08/2024;RD;RADIADOR;1;186.44
8/08/2024;NISSAN;FARO DELANTERO;2;101.69
9/08/2024;TOYOTA YARIS;PARA CHOQUE DELANTERO;1;110.17
9/08/2024;TOYOTA YARIS;PARA CHOQUE POSTERIOR;1;118.64
9/08/2024;TOYOTA YARIS;MANDIL;2;25.42
9/08/2024;TOYOTA YARIS;BRACKETS DELANTEROS;2;16.95
9/08/2024;TOYOTA YARIS;BRACKETS POSTERIORES;4;21.19
9/08/2024;TOYOTA YARIS;MASCARA;1;50.85
12/08/2024;TOYOTA YARIS;FARO DELANTERO;1;186.44
12/08/2024;TOYOTA HILUX;CAPOT;1;423.73
12/08/2024;TOYOTA HILUX;MASCARA;1;169.49
12/08/2024;TOYOTA HILUX;FARO DELANTERO;1;279.19
12/08/2024;TOYOTA HILUX;VISEL CROMADO;1;84.75
12/08/2024;TOYOTA HILUX;VISAGRA DE CAPOT;1;33.9
13/08/2024;NARVA;FOCO H4;1;10.17
14/08/2024;NARVA;SOQUET;1;4.24
15/08/2024;NARVA;FOCO H7;1;12.71
16/08/2024;MITSHUBISI L200;FAROS POSTERIORES;2;169.49
17/08/2024;TOYOTA TERCEL;PARA CHOQUE DELANTERO;1;118.64
17/08/2024;TOYOTA TERCEL;FAROS DELANTEROS;2;84.75
17/08/2024;TOYOTA TERCEL;DIRECCIONALES;2;25.42
17/08/2024;K2700;FARO POSTERIOR;1;59.32
18/08/2024;TOYOTA FORTUNER;REGLA;1;250
19/08/2024;SUZUKI GRAN VITARA;ESPEJOS;2;241.53
20/08/2024;NISSAN SENTRA;ESPEJOS;2;42.37
21/08/2024;NISSAN SENTRA;DIRECCIONAL;1;21.19
22/08/2024;NISSAN SENTRA;PARACHOQUES;1;127.12
23/08/2024;HYUNDAI H1;PARACHQUE DELANTERO;1;169.49
24/08/2024;SUZUKI APV;FARA DELANTERO;1;169.49
25/08/2024;SUZUKI APV;REJILLA DE PARA CHOQUE DELANTERO;1;101.69
26/08/2024;TOYOTA COROLLA;PARA CHOQUE DELANTERO;1;135.59
26/08/2024;TOYOTA COROLLA;REJILLA;1;50.85
26/08/2024;TOYOTA COROLLA;GUARDAFANGO;1;118.64
26/08/2024;N300;FAROS POSTERIORES;2;67.8
26/08/2024;NARVA;CAJA FOCO 2C;2;21.19
26/08/2024;NARVA;CAJA FOCO 1C;2;21.19
26/08/2024;NARVA;CAJA DE LAGRIMITAS;2;11.02
26/08/2024;NARVA;PAQUETE H7;1;220.34
26/08/2024;NARVA;PAQUETE H4;1;135.59
26/08/2024;FL;FARO POSTERIOR;2;76.27
26/08/2024;BONGO;FARO DELANTERO;1;144.07
27/08/2024;NISSAN FIERRA;PARA CHOQUE DELANTERO;1;110.17
27/08/2024;NISSAN FIERRA;DIRECCIONALES;2;29.66
27/08/2024;TOYOTA PROBOX;GUARDAFANGO;1;161.02
27/08/2024;TOYOTA PROBOX;REJILLA;1;50.85
27/08/2024;TOYOTA PROBOX;VIGOTE;1;93.22
27/08/2024;TOYOTA PROBOX;CACHITOS;1;38.14
27/08/2024;TOYOTA PROBOX;FAROSDELANTEROS;2;135.59
27/08/2024;TOYOTA PROBOX;MANDIL;1;25.42
1/09/2024;HYUNDAI H100;FARO DELANTERO;1;118.64
2/09/2024;HYUNDAI H101;FARO POSTERIOR;1;55.08
3/09/2024;NARVA;FOCO H4;1;10.17
4/09/2024;NARVA;FOCO 1CONTACTO;2;2.12
5/09/2024;KIA RIO ;PARACHOQUE DELANTERO;1;135.59
6/09/2024;CD;LATERALES DE CAMION;1;790.68
7/09/2024;RIO;PARACHOQUE DELANTERO;1;135.59
8/09/2024;HYUNDAI EXCEL;FARO DELANTERO;1;67.8
8/09/2024;HYUNDAI EXCEL;DIRECCIONALES;2;21.19
8/09/2024;HYUNDAI EXCEL;MµSCARA;2;46.61
8/09/2024;HYUNDAI EXCEL;FARO POSTERIOR;2;72.03
8/09/2024;RD;RADIADOR;2;148.31
8/09/2024;N300;FARO POSTERIOR;1;46.61
8/09/2024;NARVA;FOCOS;1;4.24
8/09/2024;N300;DIRECCIONAL;2;29.66
8/09/2024;TOYOTA COROLLA;FARO POSTERIOR DEPO;1;105.93
8/09/2024;FC;FOCOS H4 LUPA;1;118.64
8/09/2024;TOYOTA;VENTILADOR;2;101.69
8/09/2024;N300;GUARDAFANGO;1;67.8
8/09/2024;N300;FARO POSTERIOR;1;42.37
8/09/2024;TY12;PARACHOQUE DELANTERO YARIS 2010 MARCA AGP;1;110.17
11/09/2024;CHEVROLET AVEO;PARACHOQUE DELANTERO;1;135.59
11/09/2024;CHEVROLET AVEO;GUARDAFANGO;2;101.69
11/09/2024;CHEVROLET AVEO;CAPOT;1;322.03
11/09/2024;CHEVROLET AVEO;MµSCARA;1;59.32
11/09/2024;CHEVROLET AVEO;MANDIL;1;29.66
11/09/2024;CHEVROLET AVEO;TAPA DE NEBLINERO CROMADO;1;25.42
11/09/2024;CHEVROLET AVEO;REGLA CROMODA;1;42.37
11/09/2024;N400;PARACHOQUE DELANTERO;1;169.49
12/09/2024;KIA RIO ;RADIADOR;1;135.59
12/09/2024;KIA RIO ;VENTILADOR;2;135.59
12/09/2024;KIA RIO ;MANGUERA;2;12.71
12/09/2024;KIA RIO ;REFRIGERANTE;2;29.66
12/09/2024;KIA RIO ;SOPORTE DE RADIADOR;2;12.71
14/09/2024;KIA CERATO;FAROS DELANTEROS;1;360.17
14/09/2024;KIA CERATO;CHAPA;1;127.12
14/09/2024;KIA CERATO;PORTA FILTRO;2;118.64
14/09/2024;KIA CERATO;PORTA CHAPA;1;110.17
14/09/2024;KIA CERATO;REJILLA DE PARABRISA;1;296.61
14/09/2024;KIA CERATO;TANQUE DE PARABRISA;2;135.59
14/09/2024;KIA CERATO;MANDILES DE LLANTA;1;33.9
14/09/2024;KIA CERATO;MANDIL DE MOTOR;1;84.75
14/09/2024;KIA CERATO;BASE;1;144.07
14/09/2024;KIA CERATO;RESONADOR;1;118.64
14/09/2024;KIA CERATO;KIT DE NEBLINERO;2;211.86
14/09/2024;KIA CERATO;PARA CHOQUE DELANTERO;1;211.86
14/09/2024;KIA CERATO;RADIADOR;1;161.02
14/09/2024;KIA CERATO;VENTILADOR;1;165.25
14/09/2024;KIA CERATO;FRONTAL;1;237.29
14/09/2024;KIA CERATO;MANGUERA;1;29.66
14/09/2024;KIA CERATO;CAPOT;1;338.98
14/09/2024;KIA CERATO;SOPORTE;1;135.59
14/09/2024;KIA CERATO;MµSCARA;2;118.64
15/09/2024;TOYOTA RUSH;FARO DELANTERO;2;550.85
16/09/2024;MITSHUBISI L200;FAROS DELANTERO;2;21.19
16/09/2024;MITSHUBISI L201;FAROS POSTERIORES;2;50.85
16/09/2024;MITSHUBISI L202;BASE DE FARO;1;16.95
16/09/2024;MITSHUBISI L203;DIRECCIONALES;1;33.9
16/09/2024;MITSHUBISI L204;FARITO DE PARACHOQUE;2;46.61
17/09/2024;TOYOTA COROLLA;PARA CHOQUE DELANTERO;1;101.69
17/09/2024;TOYOTA COROLLA;FARO DELANTERO;1;55.08
17/09/2024;TOYOTA COROLLA;DIRECCIONAL;2;19.07
17/09/2024;TOYOTA COROLLA;FARITO DE PARA CHOQUE;1;12.71
18/09/2024;NISSAN B16;DIRECCIONAL;1;29.66
19/09/2024;HYUNDAI STAREX;PARA CHOQUE DELANTERO;1;135.59
19/09/2024;HYUNDAI STAREX;FAROS DELANTERO;1;101.69
19/09/2024;HYUNDAI STAREX;DIRECCIONALES;2;33.9
19/09/2024;HYUNDAI STAREX;PARA CHOQUE POSTERIOR;1;211.86
19/09/2024;HYUNDAI STAREX;FAROS POSTERIORES;1;59.32
19/09/2024;HYUNDAI STAREX;MANIJAS;1;21.19
20/09/2024;MITSHUBISI L200;FAROS POSTERIORES;1;110.07
21/09/2024;SW;GUARDAFANGO;1;101.69
22/09/2024;NISSAN TIDA;PARA CHOQUE DELANTERO;1;169.49
23/09/2024;NISSAN TIDA;MANDIL DE LLANTA;1;38.14
24/09/2024;FP;FARO POSTERIOR;2;16.94
25/09/2024;FL;FARITOS LATERALES;2;11.02
26/09/2024;S;SUIT LEVANTA LUNA;2;8.47
27/09/2024;CHEVROLET AVEO;FARO DELANTEROCYCAPOT;2;805.08
28/09/2024;NISSAN AD;PARACHOQUE DELANTERO;1;177.97
28/09/2024;NISSAN AD;FAROS DELANTERO;1;33.9
28/09/2024;NISSAN AD;INTERMITENTES;2;29.66
28/09/2024;NISSAN AD;FAROS POSTERIORES;1;29.66
28/09/2024;NISSAN AD;PARACHOQUE POSTERIOR;1;177.97
28/09/2024;NISSAN AD;PLUMILLAS;2;16.95
1/10/2024;GRAND 110;FRONTAL;1;220.34
2/10/2024;KIA  RIO;PARA CHOQUE DELANTERO;1;194.92
3/10/2024;KIA  RIO;PARA CHOQUE POSTERIOR;1;203.39
4/10/2024;KIA  RIO;BRACKETS;1;50.85
5/10/2024;TOYOTA YARIS;MANDIL DE MOTOR;1;72.03
6/10/2024;HYUNDAI H100;FARO DELANTERO;2;110.17
7/10/2024;HYUNDAI H100;PARA CHOQUE;1;135.59
8/10/2024;HYUNDAI H100;FARO POSTERIOR;2;50.85
9/10/2024;JAC;AMORTIGUADOR DELANTERO MONROY;2;203.39
10/10/2024;HYUNDAI H100;REPUESTOS PARA CARROS;1;423.73
11/10/2024;N300;PARA CHOQUE DELANTERO;1;110.17
12/10/2024;CHEVROLET AVEO;RADIADOR;1;211.86
13/10/2024;NISSAN VERSA;FAROS DELANTEROS;2;177.97
14/10/2024;NISSAN VERSA;MµSCARA;1;152.54
15/10/2024;CHEVROLET AVEO;PARA CHOQUE DELANTERO;1;101.69
16/10/2024;NISSAN VERSA ;FARO DELANTERO;1;144.07
17/10/2024;NISSAN TIDA;PARACHOQUE DELANTERO;1;161.02
18/10/2024;NISSAN TIDA;PARACHOQUE DELANT;1;161.02
19/10/2024;N200;FARO POSTERIOR;1;76.27
24/10/2024;NISSAN SENTRA;PARACHOQUE;2;67.8
24/10/2024;NISSAN SENTRA;FAROS;4;55.08
25/10/2024;SX4;FAROS;2;169.49
26/10/2024;TOYOTA;NEBLINEROS;1;84.75
27/10/2024;KIA RIO ;RADIADOR;1;169.49
3/11/2024;NISSAN SENTRA;FAROS Y PARACHOQUES;1;296.61
3/11/2024;NISSAN SENTRA;FAROS;1;101.69
3/11/2024;NISSAN SENTRA;PARACHOQUE;1;76.27
3/11/2024;NISSAN SENTRA;VIGOTE;1;33.9
3/11/2024;NISSAN SENTRA;DIRECCIONAL;1;33.9
4/11/2024;HYUNDAY;PARACHOQUE;1;161.02
4/11/2024;HYUNDAY;FAROS;1;305.08
4/11/2024;HYUNDAY;FAROS;1;305.08
4/11/2024;HYUNDAY;MµSCARA;1;144.07
5/11/2024;URBAN;FARO DELANTERO;1;296.61
6/11/2024;KIA RIO ;RADIDOR;1;135.59
7/11/2024;TOYOTA HILUX;FAROS;2;254.24
7/11/2024;TOYOTA HILUX;PARACHOQUE;1;338.98
7/11/2024;TOYOTA HILUX;MµSCARA;1;220.34
7/11/2024;TOYOTA HILUX;EMBLEMAS;1;169.49
8/11/2024;TOYOTA PROBOX;FAROS DELANTEROS;1;144.07
8/11/2024;TOYOTA PROBOX;PARACHOQUE POSTERIOR;1;76.27
8/11/2024;NISSAN SENTRA;PARACHOQUE Y FAROS;1;288.14
8/11/2024;MITSHUBISI LIBERO;PARACHOQUE DELANTERO;1;110.17
8/11/2024;MITSHUBISI LIBERO;DIRECCIONAL;1;21.19
10/11/2024;TOYOTA COROLLA;PARACHOQUE;1;59.32
10/11/2024;TOYOTA COROLLA;FARO DELANTERO;1;84.75
10/11/2024;TOYOTA COROLLA;PARACHOQUE POSTERIOR;1;84.75
10/11/2024;TOYOTA COROLLA;DIRECCIONALES;1;29.66
10/11/2024;CHEVROLET SAIL;FARO;1;76.27
11/11/2024;CUSTER;FARO DELANTERO;2;186.44
12/11/2024;CUSTER;FARO POSTERIOR;2;67.8
13/11/2024;NISSAN AD;PARACHOQUE DELANTERO;1;169.49
13/11/2024;NISSAN AD;PARACHOQUE POSTERIOR;1;110.17
13/11/2024;NISSAN AD;DIRECCIONAL;1;21.19
13/11/2024;KIA SOLUTO;RADIADOR;1;245.76
13/11/2024;NISSAN SENTRA;FAROS DELANTEROS;2;97.46
13/11/2024;NISSAN SENTRA;DIRECCIONALES;2;29.66
14/11/2024;NARVA;FOCO LED;1;101.69
15/11/2024;SUZUKI;FARO POSTERIOR;2;161.02
16/11/2024;CHEVROLET SAIL;MANDIL DE LLANTA;2;29.66
25/11/2024;KIA RIO;REJILLA MAS BASE;1;84.75
26/11/2024;KIA RIO;MANDILES;1;50.85
27/11/2024;KIA RIO;PARACHOQUE DELANTERO;1;135.59
28/11/2024;KIA RIO;MOTOR DE TANQUE;1;25.42
29/11/2024;HD 75;DIRECCIONAL;2;42.37
1/12/2024;NISSAN SENTRA;FAROS Y PARACHOQUES;1;296.61
2/12/2024;NISSAN SENTRA;FAROS;1;101.69
3/12/2024;NISSAN SENTRA;PARACHOQUE;1;76.27
4/12/2024;NISSAN SENTRA;VIGOTE;1;33.9
5/12/2024;NISSAN SENTRA;DIRECCIONAL;1;33.9
6/12/2024;HYUNDAY;PARACHOQUE;1;161.02
6/12/2024;HYUNDAY;FAROS;1;305.08
6/12/2024;HYUNDAY;MµSCARA;1;144.07
7/12/2024;NISSAN URBAN;FARO DELANTERO;1;296.61
8/12/2024;KIA RIO ;RADIDOR;1;135.59
11/12/2024;TOYOTA HILUX;FAROS;2;254.24
11/12/2024;TOYOTA HILUX;PARACHOQUE;1;338.98
11/12/2024;TOYOTA HILUX;MµSCARA;1;220.34
11/12/2024;TOYOTA HILUX;EMBLEMAS;1;169.49
15/12/2024;TOYOTA PROBOX;FAROS DELANTEROS;1;144.07
15/12/2024;TOYOTA PROBOX;PARACHOQUE POSTERIOR;1;76.27
17/12/2024;NISSAN SENTRA;PARACHOQUE Y FAROS;1;288.14
18/12/2024;NISSAN LIBERO;PARACHOQUE DELANTERO;1;110.17
18/12/2024;NISSAN LIBERO;DIRECCIONAL;1;21.19
18/12/2024;TOYOTA COROLLA;PARACHOQUE;1;59.32
18/12/2024;TOYOTA COROLLA;FARO DELANTERO;1;84.75
18/12/2024;TOYOTA COROLLA;PARACHOQUE POSTERIOR;1;84.75
18/12/2024;TOYOTA COROLLA;DIRECCIONALES;1;29.66
20/12/2024;CHEVROLET SAIL;FARO;1;76.27
20/12/2024;CUSTER;FARO DELANTERO;2;186.44
20/12/2024;CUSTER;FARO POSTERIOR;2;67.8
20/12/2024;NISSAN;PARACHOQUE DELANTERO;1;169.49
20/12/2024;NISSAN;PARACHOQUE POSTERIOR;1;110.17
20/12/2024;NISSAN;DIRECCIONAL;1;21.19
20/12/2024;KIA SSOLUTO;RADIADOR;1;245.76
4/01/2025;NISSAN VERSA;FARO POSTERIOR;2;93.22
4/01/2025;NP300;FARO POSTERIOR;1;169.49
4/01/2025;RD;RADIADOR;1;211.86
4/01/2025;VT;BASE DE VENTILADOR;1;42.32
4/01/2025;AVEO;FARO POSTERIOR;1;161.02
4/01/2025;CHEVY EVOLUTION;PARACHOQUE DELANTERO;1;161.02
7/01/2025;5L;PARACHOQUE DELANTERO;1;169.49
7/01/2025;5L;PARACHOQUE POSTERIOR;1;110.17
7/01/2025;5L;FAROS DELANTEROS EN DEPO;1;508.47
7/01/2025;5L;MµSCARA;1;211.86
7/01/2025;5L;GUIAS DELANTEROS;1;50.85
7/01/2025;5L;GUIAS POSTERIORES;1;46.61
8/01/2025;MITSHUBISI L200;FARO DELANTERO;1;127.12
9/01/2025;HYUNDAY;PARACHOQUE DELANTERO GRAND I10 2017;1;161.02
9/01/2025;HYUNDAY;REJILLA;1;110.17
9/01/2025;HYUNDAY;RADIADOR;1;228.81
9/01/2025;N300;FARO POSTERIOR;1;46.61
10/01/2025;HYUNDAI ACCENT;FARO DELANTERO;2;67.8
10/01/2025;HYUNDAI ACCENT;DIRECCIONAL;2;16.95
15/01/2025;KIA RIO;FARO POSTERIOR;2;152.54
15/01/2025;TOYOTA PROBOX;GUARDAFANGO;2;152.54
15/01/2025;TOYOTA PROBOX;REJILLA;1;50.85
15/01/2025;TOYOTA PROBOX;CACHITO;1;16.95
15/01/2025;TOYOTA PROBOX;FARO DELANTERO;2;135.59
15/01/2025;DAMAS;FARO POSTERIOR;2;33.9
16/01/2025;DAMAS;PARACHOQUE DELANTERO;1;101.69
16/01/2025;NISSAN TIDA;BRACKET POSTERIOR;1;135.59
16/01/2025;NISSAN TIDA;BRACKET POSTERIOR;1;42.37
16/01/2025;SUZUKI SWIT;MµSCARA;1;118.64
16/01/2025;SUZUKI SWIT;MANDILES DELANTEROS;2;38.14
16/01/2025;SUZUKI SWIT;MANDILES POSTERIORES;2;25.42
16/01/2025;HYUNDAI ELANTRA;RADIADOR;1;156.78
16/01/2025;HYUNDAI ELANTRA;MANDIL LLANTA;1;55.08
16/01/2025;HYUNDAI ELANTRA;MANDIL DE MOTOR;1;101.69
17/01/2025;N300;PARACHOQUE DELANTERO;1;93.22
18/01/2025;MITSHUBISI LIBERO;PARACHOQUE DELANTERO;1;110.17
18/01/2025;CHERRY TIGO PRO;PARACHOQUE;1;296.61
18/01/2025;CHERRY TIGO PRO;GUIA DE PARACHOQUE;1;67.8
18/01/2025;TOYOTA HILUX;FARO DELANTERO;1;423.73
18/01/2025;SUZUKI CIAZ;PARACHOQUE DELANTERO;1;237.29
18/01/2025;SUZUKI CIAZ;FARO DELANTERO;1;322.03
18/01/2025;HYUNDAI ELANTRA;RADIADOR;1;177.97
18/01/2025;KIA SPORTAGE;CONDENSADOR;1;211.86
18/01/2025;SUZUKI;RADIADOR;1;228.81
20/01/2025;HYUNDAI ACCENT;PARACHOQUE DELANTERO;1;127.12
20/01/2025;HYUNDAI ACCENT;MµSCARA;1;59.32
20/01/2025;HYUNDAI ACCENT;REJILLA;1;33.9
20/01/2025;HYUNDAI ACCENT;FARO DELANTERO;1;288.14
20/01/2025;HYUNDAI ACCENT;DUCTO DE AIRE;1;101.69
20/01/2025;HYUNDAI ACCENT;RESONADOR;1;118.64
20/01/2025;HYUNDAI ACCENT;COBERTOR DE CHAPA;1;59.32
20/01/2025;HYUNDAI ACCENT;CONDENSADOR DE AIRE ACONDICIONADO;1;186.44
21/01/2025;HILLUX REVO;FARO POSTERIOR ORIGINAL;1;254.24
22/01/2025;TOYOTA COROLLA;MANDILES;1;80.51
22/01/2025;NISSAN B14;FAROS DELANTERO;2;110.17
22/01/2025;NISSAN B15;DIRECCIONALES;2;29.66
22/01/2025;TD;RADIADOR;1;127.12
26/01/2025;HYUNDAI STAREX;FAROS DELANTEROS;2;93.22
26/01/2025;HYUNDAI STAREX;DIRECCIONAL;2;33.9
26/01/2025;NISSAN VERSA;FARO DELANTERO;1;169.49
26/01/2025;NISSAN VERSA;PARACHOQUE;1;144.07
26/01/2025;NISSAN VERSA;MANDIL;1;118.64
31/01/2025;SUZUKI SWIT;FARO POSTERIOR;8;29.66
31/01/2025;SUZUKI SWIT;DIRECCIONAL;6;14.83
31/01/2025;SUZUKI SWIT;FARITO DE PARACHOQUE;6;11.86
31/01/2025;SUZUKI SWIT;ESPEJO DE COROLLA;3;72.03
1/02/2025;TOYOTA HILUX;PARACHOQUE POSTERIOR;1;254.24
2/02/2025;TOYOTA PROBOX;MANDILES DE LLANTA;2;25.42
3/02/2025;HYUNDAI ACCENT;FARO DELANTERO;1;203.39
4/02/2025;HYUNDAI ACCENT;PARACHOQUE DELANTERO;1;177.97
5/02/2025;TOYOTA;VENTILADOR;2;84.75
6/02/2025;NISSAN;VENTILADOR;1;152.54
6/02/2025;KIA SOLUTO;CAPOT;1;542.37
6/02/2025;KIA SOLUTO;FRONTAL;1;186.44
6/02/2025;KIA SOLUTO;PARACHOQUE DELANTERO;1;177.97
6/02/2025;KIA SOLUTO;FAROS DELANTERO;2;203.39
6/02/2025;KIA SOLUTO;MASCARA;1;135.59
6/02/2025;KIA SOLUTO;PORTA FILTRO;1;135.59
13/02/2025;HYUNDAI ACCENT;PARACHOQUE DELANTERO;1;127.12
13/02/2025;HYUNDAI ACCENT;FAROS DELANTERO;2;118.64
13/02/2025;HYUNDAI ACCENT;FARO POSTERIOR;1;84.75
13/02/2025;HYUNDAI ACCENT;BRACKET;2;16.95
13/02/2025;HYUNDAI ACCENT;MANDIL DE LLANTA;2;29.66
13/02/2025;HYUNDAI ACCENT;TAPA DE REMOLQUE;1;16.95
14/02/2025;KAVTO;PLUMILLAS;1;21.19
15/02/2025;TOYOTA COROLLA;FARITO DE GUARDAFANGO;1;25.42
15/02/2025;NISSAN SENTRA;CAPOT;1;245.76
15/02/2025;NISSAN SENTRA;GUARDAFANGO;2;93.22
15/02/2025;NISSAN SENTRA;FARO DELANTERO;2;55.08
15/02/2025;NISSAN SENTRA;DIRECCIONAL;2;16.95
15/02/2025;NISSAN SENTRA;BIGOTE;2;16.95
15/02/2025;NISSAN SENTRA;ESPEJOS;1;93.22
15/02/2025;NISSAN SENTRA;PARACHOQUE POSTERIOR;1;76.27
15/02/2025;NISSAN SENTRA;PARACHOQUE DELANTERO;1;72.03
16/02/2025;HYUNDAI ACCENT;BRACKET DELANTERO;1;16.95
17/02/2025;HYUNDAI ACCENT;BRACKET DELANTERA;1;16.95
18/02/2025;HYUNDAI ACCENT;MANDIL LLANTA;2;25.42
19/02/2025;NISSAN;VENTILADOR;1;156.78
20/02/2025;N300;PARACHOQUE DELANTERO;1;84.75
21/02/2025;N300;FARO POSTERIOR;1;42.37
22/02/2025;TOYOTA HILUX;FARO DELANTERO;2;194.92
22/02/2025;TOYOTA HILUX;FENDERS;1;194.92
22/02/2025;TOYOTA HILUX;PARACHOQUE DELANTERO;1;127.12
22/02/2025;TOYOTA HILUX;MµSCARA;1;118.64
22/02/2025;TOYOTA HILUX;ESPEJOS;1;152.54
22/02/2025;TOYOTA HILUX;SAPITO;1;16.95
22/02/2025;TOYOTA HILUX;LETRA 3.0;1;30.51
22/02/2025;TOYOTA HILUX;FARO POSTERIOR;1;50.85
22/02/2025;TOYOTA HILUX;MANDILES;2;29.66
22/02/2025;TOYOTA HILUX;KIT DE NEBLINERO;1;118.64
22/02/2025;TOYOTA HILUX;EMBLEMA TOYOTA;1;33.9
22/02/2025;TOYOTA HILUX;LETRA TOYOTA;1;25.42
22/02/2025;TOYOTA HILUX;LETRA HILUX;1;25.42
22/02/2025;TOYOTA HILUX;LETRA SRV;1;16.95
22/02/2025;TOYOTA HILUX;LETRASA DYD;1;20.51
22/02/2025;KIA PICANTO;SOPORTE DE PARACHOQUE;1;118.64
22/02/2025;JACK;FARO DELANTERO;2;237.29
22/02/2025;TOYOTA COROLLA;FARO DELANTERO;1;42.37
22/02/2025;TOYOTA COROLLA;DIRECCIONAL;2;16.95
22/02/2025;FC;FOCO;1;11.02
22/02/2025;LG;LAGRIMA;1;6.78
27/02/2025;HYUNDAI H1;FARO;1;101.69
28/02/2025;KIA RIO;PARACHOQUE DELANTERO;1;177.97
1/03/2025;HYUNDAI ELANTRA;MANDILES;1;59.32
1/03/2025;HYUNDAI ELANTRA;RESONADOR;1;118.64
3/03/2025;KAVTO;CLAXON;1;33.9
4/03/2025;NISSAN;PARACHOQUE;1;67.8
5/03/2025;NISSAN;FAROS Y PARACHOQUES;1;244.07
6/03/2025;VOOLEX;PARACHOQUE;1;152.54
6/03/2025;VOOLEX;FARO;1;152.54
8/03/2025;FC;FOCO H1;2;8.47
9/03/2025;FC;FOCO H7;2;12.71
10/03/2025;NISSAN;RADIADOR;1;211.86
11/03/2025;TOYOTA HILUX;REPUESTOS;1;156.78
11/03/2025;NISSAN TERCEL;PARACHOQUE POSTERIOR;1;144.07
11/03/2025;NISSAN TERCEL;MASCARA;1;59.32
11/03/2025;NISSAN TERCEL;GUARDAFANGO;1;220.34
11/03/2025;NISSAN TERCEL;MANIJAS;1;101.69
11/03/2025;FANFAINER;FARO DELANTERO;1;118.64
11/03/2025;GLORY 500;TRAPECIO DERECHO;1;220.34
12/03/2025;N300;PARACHOQUE POSTERIOR;1;93.22
12/03/2025;TOYOTA YARIS;MANDIL DE MOTOR;1;67.8
13/03/2025;TOYOTA YARIS;MANDIL DE LLANTA;2;25.42
14/03/2025;TOYOTA YARIS;MANDIL POSTERIOR;2;21.19
15/03/2025;FD;FAROS DELANTEROS;2;131.36
15/03/2025;KAVTO;SIRENA PATRULLERO;1;55.08
15/03/2025;AD;BISEL DE FARO DELANTERO;2;10.59
15/03/2025;TOYOTA;MANDIL DE LLANTA;1;21.19
15/03/2025;HYUNDAI ELANTRA;PARACHOQUE DELANTERO;1;127.12
16/03/2025;PREMIUN;FARO DELANTERO;1;80.51
17/03/2025;PREMIUN;DIRECCIONAL;1;33.9
17/03/2025;TOYOTA HILUX;CAPOT;1;322.03
17/03/2025;TOYOTA HILUX;PARACHOQUE DELANTERO;1;127.12
17/03/2025;TOYOTA HILUX;FAROS DELANTEROS;2;203.39
17/03/2025;TOYOTA HILUX;MASCARA;1;127.12
17/03/2025;TOYOTA HILUX;GUARDAFANGOS;2;118.64
17/03/2025;TOYOTA HILUX;FAROS POSTERIORES;2;118.64
17/03/2025;TOYOTA HILUX;BRACKETS;2;21.19
17/03/2025;TOYOTA HILUX;FENDER;2;42.37
17/03/2025;TOYOTA HILUX;TURBO;1;84.75
18/03/2025;MITSHUBISI;PARACHOQUE MODELO EXPOR;1;550.85
20/03/2025;NISSAN B16;PARACHOQUE DELANTERO;1;169.49
20/03/2025;NISSAN B16;PARACHOQUE POSTERIOR;1;135.59
20/03/2025;NISSAN B16;VISEL CROMADOS;1;33.9
20/03/2025;NISSAN B16;FAROS DELANTEROS;1;59.32
20/03/2025;NISSAN B16;FARO POSTERIOR;1;76.27
20/03/2025;NISSAN B16;VISELES DE FARO COMPLETO;1;152.54
25/03/2025;TOYOTA HILLUX;FARO POSTERIOR;2;76.27
26/03/2025;BYD F3;FARO DELANTERO;2;101.69
29/03/2025;TOYOTA COROLLA;FARO DELANTERO TURING;12;50.85
29/03/2025;TOYOTA COROLLA;FARO DELANTERO STW;4;40.68
29/03/2025;TOYOTA COROLLA;DIRECCIONAL TURING;12;14.83
29/03/2025;TOYOTA COROLLA;FARO POSTERIOR STW;12;27.97
29/03/2025;TOYOTA COROLLA;PARACHOQUE DELANTERO;4;57.63
1/04/2025;NISSAN B12;FARO POSTERIOR;2;93.22
2/04/2025;NISSAN B12;PARACHOQUE DELANTERO;1;93.22
3/04/2025;N400;FARO POSTERIOR IZQUIERDO;1;80.51
4/04/2025;FL;FARITO LATERAL;4;12.71
5/04/2025;TP;FARO PIRATA;2;33.9
6/04/2025;PG;PLUMILLA DE GOMA;1;16.95
7/04/2025;VOOLEX;PARACHOQUE DELANTERO;1;135.59
7/04/2025;VOOLEX;PARACHOQUE POSTERIOR;1;161.02
10/04/2025;NISSAN SENTRA;CAPOT;1;254.24
10/04/2025;NISSAN SENTRA;PARACHOQUE DELANTERO;1;67.8
10/04/2025;NISSAN SENTRA;PARACHOQUE POSTERIOR;1;67.8
10/04/2025;NISSAN SENTRA;FAROS DELANTEROS;2;101.69
10/04/2025;NISSAN SENTRA;DIRECCIONALES;2;29.66
10/04/2025;NISSAN SENTRA;FAROS POSTERIORES;2;76.27
15/04/2025;TOYOTA COROLLA ;MANDILES DE MOTOR;10;50.85
16/04/2025;HYUNDAI ELANTRA;PARACHOQUE Y ACCESORIOS;1;550.85
17/04/2025;N300;FARO POSTERIOR;1;42.37
18/04/2025;TOYOTA PROBOX;PARACHOQUE DELANTERO;1;135.59
18/04/2025;TOYOTA PROBOX;REJILLA;1;59.32
18/04/2025;TOYOTA PROBOX;FAROS;1;101.69
21/04/2025;MITSHUBISI L200;FAROS DELANTEROS;1;296.61
22/04/2025;MITSHUBISI L201;FAROS POSTERIORES;1;152.54
23/04/2025;HYUNDAI H1;FRONTAL;1;364.41
24/04/2025;TOYOTA COROLLA;GUIAS;2;16.95
24/04/2025;GR;GRAMPAS;1;4.24
24/04/2025;TOYOTA COROLLA ;FAROS DELANTEROS;1;152.54
24/04/2025;KAVTO;CLAXON;1;12.71
28/04/2025;CB;CABLE AUTOMOTRIZ;6;1.27
29/04/2025;FD;FAROS DELANTEROS Y POSTERIORES;1;1525.42
30/04/2025;RD;RADIADOR;1;139.83
1/05/2025;FC;FOCOS;1;10.17
4/05/2025; N300;FARO;1;101.69
4/05/2025;N300;GUARDAFANGO;1;67.8
4/05/2025;N300;FARITO LATERAL;1;16.95
5/05/2025;FC;FOCO;1;8.47
6/05/2025;KIA RIO;PARACHOQUE;1;194.92
7/05/2025;CT;CINTUR‡N DE ASIENTO DE DOS PUNTAS;8;12.71
9/05/2025;KIA SOLUTO;MANDIL DE LLANTA;8;42.37
9/05/2025;KIA SOLUTO;MANDIL DE MOTOR;4;84.75
10/05/2025;PC;PARACHOQUE DELANTERO;1;296.61
11/05/2025;GR;REJILLA;1;84.75
12/05/2025;MD;MµSCARA;1;118.64
13/05/2025;VC;BISEL CROMADO;1;101.69
15/05/2025;TOYOTA TERCEL ;FARO DELANTERO;1;258.47
15/05/2025;TOYOTA TERCEL ;FARO POSTERIOR;1;262.71
